AppId,Title,group,Nb_Reviews,Latest_Review_Date,Nb_Installs,Free,eligible
com.unbound.android.oxfordclinical,Oxford Clinical Medicine,,13,2025-08-25,"10,000+",True,False
com.medpresso.Lonestar.mosbyproc,Nursing Skills & Procedures,,13,2025-08-08,"50,000+",True,False
org.capacitor.fundamentals.app,Fundamentals of Nursing Quiz,,0,,"5,000+",True,False
com.keepprep.fundamentals,Fundamentals of Nursing Prep,,3,2025-08-09,"10,000+",True,False
com.TallinnIT.UBCRadiology,UBC Radiology,,71,2023-05-21,"100,000+",True,False
com.msd.obstetrics,MSD Manual Guide to Obstetrics,HSP,52,2025-08-07,"10,000+",True,True
com.gwhizmobile.langeqapsychiatry,Psychiatry LANGE Q&A,,8,2021-12-06,"10,000+",True,False
com.genux.coherence,Cardiac Coherence Relax &Sleep,,4,2024-07-07,"1,000+",True,False
com.ptwired.elliott,Elliott Physical Therapy,,2,2025-06-03,"1,000+",True,False
org.plumvillageapp,Plum Village: Mindfulness App,HSC,100,2025-09-03,"100,000+",True,True
com.mdaware.mdcalc,MDCalc Medical Calculator,HSP,100,2025-08-23,"1,000,000+",True,True
com.boardvitals,BoardVitals Medical Exam Prep,HSP,100,2025-07-30,"10,000+",True,True
com.drhouse.drhouse,DrHouse: Online Doctor Service,HSC,100,2025-08-24,"10,000+",True,True
com.unbound.android.ubap,APSA Pediatric Surgery Library,,14,2025-04-14,"5,000+",True,False
com.spruce.messenger,Spruce: Medical Communication,HSP,100,2025-09-04,"500,000+",True,True
appinventor.ai_doctorbishoy.Master_The_MRCS,Surgery Masters Academy,HSP,100,2025-07-21,"10,000+",True,True
com.medpresso.testzapp.medsurgnurcertqa,Medical Surgical Nurse Cert Ex,,8,2025-07-27,"1,000+",True,False
com.netpulse.mobile.thewellnesscenter,The Wellness Center,,10,2024-01-09,"1,000+",True,False
com.babycenter.pregnancytracker,Pregnancy App & Baby Tracker,HSC,100,2025-09-04,"10,000,000+",True,True
com.hevy,Hevy - Gym Log Workout Tracker,other,100,2025-09-04,"1,000,000+",True,True
com.popularapp.periodcalendar,Period Calendar Period Tracker,,100,2025-09-04,"100,000,000+",True,False
com.recoverypath,Recovery Path - Addiction Help,HSC,100,2025-08-30,"100,000+",True,True
com.gwhizmobile.mghpretestneurology,Neurology PreTest for USMLE,,6,2025-05-17,"10,000+",True,False
com.lbrc.PeriodCalendar,Period Tracker and Calendar,HSC,100,2025-09-04,"10,000,000+",True,True
com.grandroundshealth.m,Included Health,HSP,100,2025-09-04,"100,000+",True,True
com.lawfully.lawfully_ai_tracker,US Immigration Case Tracker,other,100,2025-09-03,"1,000,000+",True,True
periodtracker.pregnancy.ovulationtracker,Ovulation & Period Tracker,HSC,100,2025-09-03,"10,000,000+",True,True
com.gwhizmobile.mghpretestpediatrics,Pediatrics PreTest for USMLE,,9,2024-04-16,"5,000+",True,False
com.unbound.android.ubnc2l,Nursing Central,HSP,100,2025-08-05,"50,000+",True,True
com.elytelabs.neurologydictionary,Neurology Dictionary,,1,2024-02-24,"1,000+",True,False
com.modernhealth.modernhealth,Modern Health,other,96,2025-08-18,"100,000+",True,True
com.goodrx,GoodRx: Prescription Coupons,HSC,100,2025-09-04,"10,000,000+",True,True
com.remind.drink.water.hourly,Water Reminder - Remind Drink ,HSC,100,2025-09-04,"10,000,000+",True,True
com.doctoranywhere,Doctor Anywhere - Telehealth,HSC,100,2025-09-04,"1,000,000+",True,True
com.imagoai.labs,Lab Values Reference - Nursing,,25,2025-09-01,"10,000+",True,False
com.pravisht.MhbMobile,MyHealthBuddy: Diet & Fitness,HSC,100,2025-09-03,"100,000+",True,True
com.alphaprogression.alphaprogression,Alpha Progression Gym Tracker,HSC,100,2025-09-03,"1,000,000+",True,True
com.meditation.live,Wellness Coach,other,100,2025-08-03,"100,000+",True,True
com.brc.PeriodTrackerDiary,Period Tracker & Ovulation,HSC,100,2025-09-02,"1,000,000+",True,True
running.tracker.gps.map,Running App - GPS Run Tracker,HSC,100,2025-09-04,"10,000,000+",True,True
com.QuickMD.md,QuickMD - Online Healthcare,HSC,100,2025-09-03,"100,000+",True,True
com.medlang.medicalenglish,Doxa - Medical English,,44,2025-09-03,"100,000+",True,False
org.endocrine.clinical_practice_guidelines_app,Clinical Practice Guidelines,,32,2025-04-26,"10,000+",True,False
com.villagemd.patx,Village Medical,HSC,100,2025-09-04,"100,000+",True,True
com.app.calibrate,Calibrate - Metabolic Health,HSC,100,2025-09-04,"10,000+",True,True
gov.va.mobilehealth.ncptsd.mindfulnesscoach,Mindfulness Coach,HSC,100,2025-09-04,"500,000+",True,True
steptracker.healthandfitness.walkingtracker.pedometer,Step Tracker - Pedometer,,100,2025-09-04,"50,000,000+",True,False
com.usbmis.reader.gayf14,Geriatrics At Your Fingertips,,10,2025-08-26,"10,000+",True,False
org.osmosis.nursing,Osmosis Nursing Videos & Notes,,35,2025-08-27,"50,000+",True,False
com.roehl.habitkit,Habit Tracker - HabitKit,HSC,100,2025-09-01,"500,000+",True,True
app.disciplined.productive.structured.habit.tracker,Disciplined - Habit Tracker,other,100,2025-09-04,"100,000+",True,True
com.clinicalproblemsolving.cps,The Clinical Problem Solvers,,28,2025-08-05,"1,000+",False,False
com.mapmywalk.android2,Map My Walk: Walking Tracker,HSC,100,2025-09-04,"10,000,000+",True,True
com.unbound.android.cqddl,Davis's Drug Guide,HSP,100,2025-08-07,"100,000+",True,True
fitness.online.app,Fitness App: Gym Workout Plan,HSC,100,2025-09-03,"5,000,000+",True,True
com.mapmyrun.android2,Map My Run GPS Running Tracker,HSC,100,2025-09-04,"10,000,000+",True,True
de.lecturio.android.LecturioMed,Lecturio Medical Education,HSP,100,2025-09-02,"500,000+",True,True
com.hospital.games.clinic.adventure,Doctor Clinic - Hospital Games,other,100,2025-09-02,"1,000,000+",True,True
com.visiblebody.atlas,Human Anatomy Atlas 2026,,100,2025-08-26,"500,000+",False,False
com.fitnesskeeper.runkeeper.pro,ASICS Runkeeper - Run Tracker,HSC,100,2025-09-04,"10,000,000+",True,True
com.fidelity.hcg.health,Fidelity Health®,other,100,2025-09-04,"100,000+",True,True
com.aranoah.healthkart.plus,TATA 1mg Online Healthcare App,HSC,100,2025-09-04,"10,000,000+",True,True
org.isoron.uhabits,Loop Habit Tracker,HSC,100,2025-09-03,"5,000,000+",True,True
com.free.nurse.rush.clinic,Nurse Rush:Hospital Game,other,100,2025-08-31,"100,000+",True,True
com.telus.health.wellbeing,TELUS Health Wellbeing,HSC,51,2025-08-26,"10,000+",True,True
com.doctorondemand.android.patient,Doctor On Demand,HSC,100,2025-09-04,"1,000,000+",True,True
com.smsrobot.period,Period and Ovulation Tracker,HSC,100,2025-09-04,"10,000,000+",True,True
com.planet72.drprescription,DR Prescription-Rx Maker,,16,2025-08-09,"5,000+",True,False
com.habitive,Habitive - Your Habit Tracker,,22,2025-09-01,"10,000+",True,False
com.plushcare.plushcare.prod,PlushCare: Online Doctor,HSC,100,2025-09-04,"100,000+",True,True
com.pre_pg,Pre PG: Clinical NEET PG NExT,HSP,100,2025-09-02,"500,000+",True,True
com.amboss.medical.qbank,AMBOSS Qbank for Medical Exams,HSP,100,2025-08-04,"100,000+",True,True
xyz.slingshot.ashley.app,Ash - AI Therapy,HSC,100,2025-09-04,"50,000+",True,True
com.wombatapps.carbmanager,Carb Manager–Keto Diet Tracker,HSC,100,2025-09-03,"5,000,000+",True,True
com.meetyou.intl,MeetYou - Period Tracker,HSC,100,2025-09-03,"10,000,000+",True,True
gov.cdc.ncbddd.actearly.milestones,CDC Milestone Tracker,HSC,100,2025-09-03,"500,000+",True,True
com.gaiamobile.airdoctor,Air Doctor,HSC,72,2025-08-17,"100,000+",True,True
org.medflashnotes.app,Medical FlashNotes,,100,2024-10-29,"100,000+",True,False
com.medicaldictionary.diseasestreatment,Medical Dictionary: Diseases,HSP,100,2025-08-15,"100,000+",True,True
com.unbound.android.ubng,Nutrition Guide for Clinicians,HSP,100,2025-07-09,"50,000+",True,True
com.moodi,Moodi: emotions & mood tracker,,43,2025-09-03,"50,000+",True,False
com.pl.cl.hospital.dash,Hospital Dash: Hospital Games,other,100,2025-09-04,"1,000,000+",True,True
com.nourishly,Nourishly - Nutrition and Diet,HSC,100,2025-08-31,"10,000+",True,True
com.tactustherapy.languagetherapy,Language Therapy: Aphasia,,21,2024-11-08,"5,000+",False,False
com.usbmis.reader.dadg,Davis's Drug Guide for Nurses,HSP,100,2025-08-15,"100,000+",True,True
com.helloheart.app.healthplan,Hello Heart • For heart health,HSC,100,2025-09-02,"100,000+",True,True
premom.eh.com.ehpremomapp,Ovulation Tracker App - Premom,HSC,100,2025-09-04,"1,000,000+",True,True
com.crazy.doctor.hospital,Hospital Rush: Doctor ASMR,other,100,2025-09-02,"100,000+",True,True
com.unbound.android.ubst,STS Cardiothoracic Surgery,,3,2025-07-27,"5,000+",True,False
org.iggymedia.periodtracker,Flo Ovulation & Period Tracker,,100,2025-09-04,"100,000,000+",True,False
com.prehabguys.prehabapp,"Prehab:Physical Therapy, Rehab",HSC,100,2025-08-31,"10,000+",True,True
com.learzing.anatomyquiz,Anatomy & Physiology Quiz Test,HSP,100,2025-09-03,"500,000+",True,True
com.studio.hellohabit,HelloHabit - Habit Tracker,other,100,2025-08-28,"100,000+",True,True
mobi.littlebytes.android.bloodglucosetracker,Blood Glucose Tracker,HSC,100,2025-08-31,"500,000+",True,True
com.despdev.quitzilla,Quitzilla: Quit Habit Tracker,HSC,100,2025-09-04,"1,000,000+",True,True
com.jivi.ai,Jivi: AI Health and Diet Coach,HSC,100,2025-09-02,"1,000,000+",True,True
com.pocketprep.android.fitness,Pocket Prep Fitness 2025,HSP,72,2025-08-21,"10,000+",True,True
com.bearable,"Symptom, Mood & Period Tracker",HSC,100,2025-09-01,"500,000+",True,True
betwixt.web.app,Betwixt—The Mental Health Game,HSC,100,2025-09-04,"100,000+",True,True
com.picmonic.androidapp,Picmonic Nursing Study Guides,HSP,100,2025-07-17,"100,000+",True,True
homeworkout.fitness.app,Workout Planner Gym Log・Fit AI,HSC,100,2025-09-04,"1,000,000+",True,True
com.gamehouse.hm1,Heart's Medicine - Season One,other,100,2025-08-28,"1,000,000+",True,True
com.eshyft.app,ESHYFT - Per Diem Nursing,HSP,100,2025-08-20,"50,000+",True,True
com.water.tracker.remind,My Water Tracker & Reminder,HSC,100,2025-09-04,"500,000+",True,True
com.rotemmaozdev.helloworld,Gestational Diabetes Tracker,HSC,65,2025-09-02,"10,000+",True,True
ai.kanghealth,K Health | 24/7 Virtual Care,HSC,100,2025-09-04,"1,000,000+",True,True
com.mapmyfitness.android2,Map My Fitness Workout Tracker,HSC,100,2025-09-03,"1,000,000+",True,True
xyz.rtrvr.pillo,Angry Pill Reminder & Tracker,HSC,100,2025-09-04,"100,000+",True,True
com.kenhub.dailyanatomy.musclesandbones,Daily Anatomy Flashcards,HSP,100,2025-09-04,"500,000+",True,True
com.medicaljoyworks.clinicalsense,Clinical Sense,HSP,100,2025-07-30,"1,000,000+",True,True
com.gktalk.nursing_examination_app,Nursing Exam,HSP,100,2025-09-04,"500,000+",True,True
com.mypossibleself.app,‎MyPossibleSelf: Mental Health,HSC,100,2025-08-30,"500,000+",True,True
com.water.reminder.tracker,My Water Reminder: Drink Water,HSC,100,2025-08-29,"1,000,000+",True,True
life.femin.pregnancy.period,Period Tracker－Pregnancy・Femin,HSC,100,2025-09-02,"500,000+",True,True
com.tactustherapy.namingtherappy,Naming Therapy,,5,2024-10-16,"1,000+",False,False
com.betterweightapp,"Weight Tracker, BMI Calculator",HSC,100,2025-08-30,"1,000,000+",True,True
com.medpresso.Lonestar.cnskills,Davis Clinical Nursing Skills,,100,2024-09-17,"100,000+",True,False
eu.smartpatient.mytherapy,Meds & Pill Reminder MyTherapy,HSC,100,2025-09-03,"5,000,000+",True,True
app.voicestories.android,Voice: Mental Health Guide,HSC,100,2025-09-04,"1,000,000+",True,True
com.tactustherapy.advancedlanguagetherapy,Advanced Language Therapy,,9,2025-06-30,"1,000+",False,False
com.swordhealth.guarda,Sword Health,HSC,100,2025-09-03,"100,000+",True,True
com.anthem.sydney,Sydney Health,HSC,100,2025-09-04,"1,000,000+",True,True
com.guavahealth.app,Guava: Health Tracker,HSC,100,2025-09-03,"10,000+",True,True
com.ticktick.task,TickTick:To Do List & Calendar,other,100,2025-09-04,"5,000,000+",True,True
com.aadhk.lite.bptracker,Blood Pressure Tracker,HSC,100,2025-09-02,"1,000,000+",True,True
com.pocketprep.android.nursing,Pocket Prep Nursing 2025,HSP,80,2025-08-27,"50,000+",True,True
com.mindfulness.android,Mindfulness.com Meditation App,HSC,100,2025-08-09,"500,000+",True,True
com.fitifyworkouts.bodyweight.workoutapp,"Fitify: Fitness, Home Workout",HSC,100,2025-09-04,"10,000,000+",True,True
com.betterhelp,BetterHelp - Therapy,HSC,100,2025-09-04,"1,000,000+",True,True
com.mentallabs.mentalhealth,Mental Health: Serene,HSC,100,2025-09-03,"50,000+",True,True
com.stamurai.stamurai,Stamurai: Stuttering Therapy,HSC,100,2025-08-29,"100,000+",True,True
com.archerreview.nursingschool,Archer Review - Nursing School,,2,2025-03-01,500+,True,False
sleeptrakcer.sleeprecorder.sleepapp.sleep,Sleep Tracker - Sleep Recorder,HSC,100,2025-09-03,"5,000,000+",True,True
com.clearblue.alaska,Period & Cycle Tracker,,27,2025-09-03,"100,000+",True,False
com.planetfitness,Planet Fitness,HSC,100,2025-09-03,"10,000,000+",True,True
com.hssn.anatomy3dlite,3D Bones and Organs (Anatomy),HSP,100,2025-09-02,"1,000,000+",True,True
com.sebferrer.life_notes,Life Notes - Symptom Tracking,HSC,100,2025-08-22,"10,000+",True,True
com.master.hesia2exam.question,A2 Nursing Exam Prep 2025,,16,2024-04-19,"10,000+",True,False
com.unbound.android.ub5el,5-Minute Emergency Consult,,20,2022-09-01,"10,000+",True,False
com.uworld.nclex,UWorld Nursing,HSP,100,2025-08-24,"100,000+",True,True
com.mysugr.android.companion,mySugr - Diabetes Tracker Log,HSC,100,2025-09-04,"5,000,000+",True,True
com.lowestmed.android,RxSaver – Prescription Coupons,HSC,100,2025-09-03,"1,000,000+",True,True
com.medpresso.Lonestar.eponyms,Medical Eponyms Dictionary,,8,2024-07-19,"10,000+",True,False
org.SBCH.MyChart,Cottage Health MyChart,,13,2025-05-23,"1,000+",True,False
air.com.musclemotion.anatomy,Anatomy by M&M,HSP,100,2025-09-03,"500,000+",True,True
fr.doctolib.www,Doctolib - Your health partner,HSC,100,2025-09-02,"10,000,000+",True,True
com.vgfit.waterbalance,Water Reminder - Daily Tracker,HSC,100,2025-08-16,"500,000+",True,True
com.netpulse.mobile.anatomy,ANATOMY,,9,2025-06-13,"1,000+",True,False
com.apirox.sleeprecorder,Sleep Tracker & Sleep Recorder,HSC,100,2025-09-03,"100,000+",True,True
com.getmental.mental,Mental: AI Therapy,HSC,100,2025-09-03,"50,000+",True,True
com.axel_stein.glucose_tracker,Diabetes Tracker,HSC,62,2025-09-04,"10,000+",True,True
com.visionwizard.sleeptrack,"Sleepway: Sleep Tracker, Sound",HSC,100,2025-08-31,"1,000,000+",True,True
medicaljoyworks.com.explainmedicine,Explain Medicine,HSP,100,2025-09-02,"100,000+",True,True
com.phonegap.whichderm,Model Dermatol – Skin Disease,HSC,100,2025-08-27,"500,000+",True,True
com.bestfuncoolapps.TakeYourPills,TakeYourPills Pill Reminder,HSC,100,2025-09-03,"100,000+",True,True
org.kiwix.kiwixcustomwikimed,WikiMed Medical Encyclopedia,HSP,100,2025-09-03,"100,000+",True,True
com.Tarter.DoctorTrivia,Doctor Trivia - Quiz Medicina,HSP,64,2025-07-30,"500,000+",True,True
com.pslove.periodtracker,Blood: Period & Cycle Tracker,HSC,100,2025-08-23,"100,000+",True,True
com.talkspace.talkspaceapp,Talkspace Therapy & Counseling,HSC,100,2025-09-02,"500,000+",True,True
com.healthe.app,Health-e ABHA PHR Health Lockr,HSC,100,2025-08-29,"500,000+",True,True
com.carecard.carecard,CareCard: Prescription Savings,HSC,90,2025-08-20,"10,000+",True,True
com.ada.app,Ada – check your health,HSC,100,2025-09-04,"10,000,000+",True,True
com.runtastic.android,adidas Running: Run Tracker,,100,2025-09-04,"50,000,000+",True,False
com.todoist,Todoist: Planner & Calendar,other,100,2025-09-04,"10,000,000+",True,True
com.cbt.mindhealthy,MindHealth: CBT Mental Health,HSC,100,2025-08-30,"100,000+",True,True
org.recoveryandwellnessohio.portal,Recovery and Wellness Portal,,1,2025-04-08,500+,True,False
com.voidpet,Voidpet Garden: Mental Health,HSC,100,2025-09-01,"500,000+",True,True
com.surgeon,SurgeOn - Surgery Unified,,3,2024-06-21,"1,000+",True,False
com.straightanursing,Straight A Nursing,,0,,"1,000+",True,False
com.andhealth.app,AndHealth: Whole-Person Care,,1,2025-04-09,500+,True,False
com.imagiration.mita,Language Therapy for Children ,,100,2025-06-25,"1,000,000+",True,True
com.yazio.android,YAZIO: AI Calorie Tracker,HSC,100,2025-09-04,"10,000,000+",True,True
com.trainerize.healthystepsnutrition,Healthy Steps Nutrition,,11,2024-11-25,"10,000+",True,False
in.plackal.lovecyclesfree,Maya - Period & Health,HSC,100,2025-09-01,"5,000,000+",True,True
net.monitorhealth.live,Monitor Health,,19,2024-11-10,"1,000+",True,False
com.psvn.traumatologist,Emergency Hospital:Kids Doctor,,100,2025-05-15,"10,000,000+",True,False
com.tactustherapy.apraxiatherapy,Apraxia Therapy: Aphasia,,15,2022-10-06,"1,000+",False,False
com.eightsleep.eight,Eight Sleep,HSC,100,2025-09-03,"50,000+",True,True
app.medicalid.free,Medical ID,HSC,100,2025-09-03,"500,000+",True,True
com.stdi,Sexual Disease and Infections,HSC,77,2025-08-03,"10,000+",True,True
com.eduven.ld.dict.foodTech,Food Science & Nutrition App,HSP,100,2025-08-11,"50,000+",True,True
com.teachmeseries.tmsurgery,Teach Me Surgery,HSP,100,2025-09-03,"100,000+",True,True
com.pushhealth.production,Push Health: Telehealth App,HSC,100,2025-08-31,"50,000+",True,True
com.chronicinsights,Chronic Insights symptom diary,HSC,100,2025-08-28,"10,000+",True,True
com.museLIVE.quabbleapp,Quabble: Daily Mental Health,HSC,100,2025-09-03,"500,000+",True,True
com.mediqation.android,Mediqation; Pill Reminder,,46,2025-09-01,"10,000+",True,False
com.dailymistika.healingsounds,Healing Sounds & Sound Therapy,HSC,100,2025-09-03,"500,000+",True,True
com.sccm.thumbsup,Patient Communicator,,6,2023-04-13,"5,000+",True,False
com.clinicalink.engage.eu,Clinical Ink Engage (EU),,16,2022-01-21,"5,000+",True,False
co.bitbakery.BrainFit,BrainFit – Habit Tracker,,2,2024-07-22,"5,000+",True,False
com.habits.todolist.plan.wish,Fun Habit - Habit Tracker,other,100,2025-08-27,"100,000+",True,True
com.luni.android.nutricoach.app,Nutrition Coach: Food Tracker,,67,2024-12-02,"10,000+",True,False
com.urbandroid.sleep,Sleep as Android: Smart alarm,HSC,100,2025-09-04,"10,000,000+",True,True
com.farlex.dictionary.medical,Medical Dictionary by Farlex,HSP,100,2025-08-29,"500,000+",True,True
bot.touchkin,Wysa: Mental Wellbeing AI,HSC,100,2025-09-02,"1,000,000+",True,True
com.unbound.android.ubndh,Nursing Drug Handbook - NDH,,10,2025-08-29,"10,000+",True,False
com.pocketprep.android.medical,Pocket Prep Medical 2025,HSP,100,2025-07-09,"50,000+",True,True
com.sanaedutech.medical,Medical Quiz,HSP,64,2025-07-20,"10,000+",True,True
com.pocketprep.android.behavioralhealth,Pocket Prep Behavioral Health,HSP,100,2025-08-31,"50,000+",True,True
com.mdlive.mobile,MDLIVE: Talk to a Doctor 24/7,HSC,100,2025-09-04,"1,000,000+",True,True
com.calm.evexia,Calm Health,,43,2025-09-04,"10,000+",True,False
com.kompanion.habit.android,Dear Me: Daily Routine Tracker,HSC,100,2025-09-04,"1,000,000+",True,True
com.medicalgroupsoft.medical.directorymedtermsmultilang.paid,Medical terms (OFFLINE),,14,2022-09-01,"1,000+",False,False
com.vsee.clinic.release,VSee Clinic for Patient,HSC,100,2025-08-27,"500,000+",True,True
health.sleep.sounds.tracker.alarm.calm,ShutEye®: Sleep Tracker,HSC,100,2025-09-04,"5,000,000+",True,True
com.healthians.main.healthians,Healthians -Full Body Checkup,HSC,100,2025-09-03,"5,000,000+",True,True
com.gamehouse.hm3gp,Heart's Medicine Hospital Heat,other,100,2025-08-30,"5,000,000+",True,True
com.hippo.doctor.surgeon,Doctor surgeon. Hospital,other,64,2025-07-16,"500,000+",True,True
com.imagiration.speechtherapy3,Speech Therapy 3 – Learn Words,,13,2025-05-24,"10,000+",True,False
org.capacitor.nursingquizzes.app,Basic Nursing Quiz,,1,2025-03-28,"10,000+",True,False
com.hssn.anatomy,Visual Anatomy,,100,2025-08-01,"10,000+",False,False
com.medm.app.health,Health Diary by MedM,HSC,100,2025-09-03,"100,000+",True,True
com.medisafe.android.client,Medisafe Pill & Med Reminder,HSC,100,2025-09-03,"5,000,000+",True,True
com.aleosapps.QuizzAppMedical,Medical CPT CPC CCMA Exam Prep,,7,2025-08-25,"1,000+",True,False
com.medicalgroupsoft.medical.directorymedtermsmultilang.free,Medical Terminology Dictionary,HSP,100,2025-08-31,"1,000,000+",True,True
ai.thedeep.droracleandroid,Dr.Oracle AI Medical Assistant,HSP,58,2025-08-15,"10,000+",True,True
com.gluroo.app,Gluroo: Diabetes Log Tracker,HSC,100,2025-09-04,"50,000+",True,True
com.patrikat.pediatricdiseaseandtreatment,Pediatric Disease & Treatment,,100,2024-12-20,"100,000+",True,False
com.pocketprep.android.nursingschool,Pocket Prep Nursing School,,85,2024-12-13,"50,000+",True,False
com.meruhealth.app,Meru Health,HSC,100,2025-07-31,"10,000+",True,True
com.imaginepediatrics.appimaginepediatrics,Imagine Pediatrics,,8,2025-05-04,"5,000+",True,False
com.free.hospital.story,Hospital Story:Clinic Game,other,100,2025-08-27,"500,000+",True,True
com.starnursery.hospital,Clinic Mania: Hospital Sim,other,100,2025-08-30,"1,000,000+",True,True
com.practo.fabric,Practo: Doctor Appointment App,HSC,100,2025-09-03,"10,000,000+",True,True
samucreates.sbarsmartbrainapp,NurseBrain: Smart Report Sheet,,29,2025-07-08,"10,000+",True,False
com.touchsurgery,Touch Surgery: Surgical Videos,HSP,100,2025-09-03,"1,000,000+",True,True
com.barbellmedicine.android_app,Barbell Medicine,,8,2025-05-17,"1,000+",True,False
com.unbound.android.ubqmdt,QMDT: Quick Medical Diagnosis,,11,2025-08-31,"5,000+",True,False
com.zip.blood.pressure,Blood Pressure Tracker,HSC,100,2025-09-04,"5,000,000+",True,True
com.mhealth.manadr,MaNaDr for Patient,HSC,100,2025-08-31,"500,000+",True,True
com.keeptrackmed.app,Health Record - KeepTrackMed,,9,2025-03-28,500+,True,False
org.psychiatry.dsm,DSM-5-TR® Diagnostic Criteria,,5,2025-03-10,"1,000+",False,False
com.ovuline.fertility,Ovia Cycle & Pregnancy Tracker,HSC,100,2025-09-01,"1,000,000+",True,True
com.affecttherapeutics,Affect: Addiction Recovery,HSC,100,2025-08-29,"100,000+",True,True
com.aidareminder.pillreminder,Pill Reminder and Med Tracker,HSC,100,2025-09-04,"100,000+",True,True
com.constanttherapy.android.main,Constant Therapy: Brain+Speech,HSC,100,2025-08-27,"100,000+",True,True
in.evolve.android,Evolve: Self-Care & Meditation,HSC,100,2025-08-31,"1,000,000+",True,True
de.streuer.alexander.anatomyquiz,Anatomy Quiz,HSP,100,2025-09-03,"500,000+",True,True
com.medpresso.Lonestar.emergmed,Tintinalli's Emergency Med Man,,31,2024-12-15,"50,000+",True,False
ipnossoft.rma.free,BetterSleep: Sleep tracker,HSC,100,2025-09-04,"10,000,000+",True,True
com.selectcomfort.SleepIQ,Sleep Number,HSC,100,2025-09-04,"1,000,000+",True,True
com.hippo_kids_games.doctor_scientist.hospital_laboratory,Doctor: Hospital Laboratory,other,77,2025-07-06,"500,000+",True,True
com.hospital.games.happy.doctor,Happy Doctor: Clinic Game,other,100,2025-08-31,"1,000,000+",True,True
com.digigene.mobilebodyquiz.mobile_body_quiz,Anatomy Quiz: Trivia Body Game,,21,2025-06-09,"10,000+",True,False
com.maapps.habittracker,Habit360 Habit Tracker & To-do,HSC,100,2025-08-17,"100,000+",True,True
com.period.tracker.lite,Period Tracker,HSC,100,2025-09-03,"10,000,000+",True,True
in.mednotes.MedNotes,MedNotes -For Medical Students,HSP,100,2025-09-03,"500,000+",True,True
day.daywell.app,Daywell - Self Care Routine,,100,2025-05-22,"50,000+",True,False
com.mobisystems.msdict.embedded.wireless.elsevier.dorlandsillustrated,Dorland's Medical Dictionary,HSP,100,2025-09-02,"100,000+",True,True
net.futasaji.medicine,Cute Pill: Medication Reminder,HSC,100,2025-09-02,"100,000+",True,True
com.jeet.healthydiet,Nutrition Tracker & Food Diary,HSC,100,2025-08-22,"500,000+",True,True
com.notiis.plop,plop - poop tracker & analyzer,,44,2025-08-29,"10,000+",True,False
org.kiwix.kiwixcustomwikimedmini,Mini Medical Wikipedia Offline,HSP,100,2025-08-18,"100,000+",True,True
in.medibuddy,MediBuddy-Doctor Medicine ABHA,HSC,100,2025-09-04,"5,000,000+",True,True
com.calm.android,"Calm - Sleep, Meditate, Relax",,100,2025-09-04,"50,000,000+",True,False
diary.questions.mood.tracker,Mood Tracker Daily Journal CBT,HSC,100,2025-08-23,"1,000,000+",True,True
com.TarterStudio.RXTrivia,RX Trivia - Radiology Quiz,,29,2025-08-30,"50,000+",True,False
com.gen.bettermeditation,BetterMe: Mental Health,HSC,100,2025-08-28,"5,000,000+",True,True
com.getsomeheadspace.android,Headspace: Meditation & Health,HSC,100,2025-09-03,"10,000,000+",True,True
com.gymstreak.GymStreakAI,Workout Tracker : GymStreak AI,other,100,2025-08-15,"100,000+",True,True
com.medpresso.Lonestar.fmemerg,5 Minute Emergency Medicine,,41,2025-08-17,"50,000+",True,False
com.hltcorp.hesi,Nursing Entrance Exam Mastery,,100,2024-04-19,"50,000+",True,False
com.patrikat.respiratorydiseaseandtreatment,Respiratory Disease &Treatment,,47,2024-04-13,"100,000+",True,False
com.siv,Care to Translate,HSP,100,2025-07-08,"500,000+",True,True
com.sgs.emhq.android,EMERGENCY HQ: firefighter game,other,100,2025-09-04,"10,000,000+",True,True
com.teladoc.members,Teladoc Health,HSC,100,2025-09-04,"5,000,000+",True,True
com.nutrition.facts,Nutrition facts,HSC,100,2025-08-01,"100,000+",True,True
com.mdsol.aquila,Patient Cloud,HSP,100,2025-08-19,"100,000+",True,True
com.quantresearch.exam.nursing,NCLEX RN / PN. Nursing Mastery,,31,2025-01-26,"10,000+",True,False
co.swasth.cbtcompanion,CBT Companion: Therapy app,HSC,100,2025-08-25,"100,000+",True,True
com.hssn.anatomyfree,Visual Anatomy Lite,HSP,100,2025-08-16,"1,000,000+",True,True
com.mcqs.basic_radiology,Basic Radiology,HSP,80,2025-07-29,"100,000+",True,True
fr.adixon.radiologymeasurements.RadiologyMeasurements,Radiology Measurements,,25,2025-05-20,"50,000+",True,False
com.hltcorp.demosoncology,Oncology Board Review,,5,2023-09-22,"5,000+",True,False
com.sanaedutech.pharma,Pharmacology Quiz,HSP,100,2025-08-07,"50,000+",True,True
com.cube.arc.hzd,Emergency: Severe Weather App,other,100,2025-09-02,"100,000+",True,True
com.svgapps.glucose,Glucose Tracker - Blood Sugar,,5,2024-12-13,"5,000+",True,False
com.clue.android,Clue Cycle & Period Tracker,,100,2025-09-04,"50,000,000+",True,False
com.glow.android.nurture,Pregnancy Tracker App | Glow,HSC,100,2025-09-04,"1,000,000+",True,True
com.medpresso.Lonestar.skyscaperx,Skyscape Rx - Drug Guide,,22,2024-12-21,"5,000+",True,False
com.olearis.uplife,UpLife: Mental Health Therapy,,100,2025-06-23,"100,000+",True,True
com.tactustherapy.languagetherapy.lite,Language Therapy Lite,,37,2025-08-30,"50,000+",True,False
com.cerebral.cerebral,Cerebral - Mental Health,HSC,100,2025-09-01,"100,000+",True,True
com.h2sync.android.h2syncapp,Health2Sync - Diabetes Tracker,HSC,100,2025-08-30,"1,000,000+",True,True
ru.DmitryLomakin.ReanimationInc,Doctor 911 Hospital Simulator,other,100,2025-09-04,"5,000,000+",True,True
jp.pokemon.pokemonsleep,Pokémon Sleep,other,100,2025-09-04,"5,000,000+",True,True
com.medihelpapp.medihelp,MediHelp: Drug Guide & Dosing,HSP,100,2025-08-27,"10,000+",True,True
com.mintrocket.med_history,Family medical record,,6,2025-07-20,"10,000+",True,False
com.milieu.prescription,Prescription maker with drug d,,100,2025-01-25,"10,000+",True,False
com.tactustherapy.writingtherapy,Writing Therapy,,1,2018-11-30,500+,False,False
org.blubblub.app.speechblubs,Speech Blubs: Language Therapy,HSC,100,2025-09-04,"1,000,000+",True,True
com.atomengineapps.teachmeanatomy,Teach Me Anatomy,HSP,100,2025-09-04,"1,000,000+",True,True
com.healthifyme.basic,Healthify: AI Diet & Fitness,HSC,100,2025-09-04,"10,000,000+",True,True
com.medpresso.Lonestar.drugguide,Davis’s Drug Guide for Nurses,HSP,57,2025-08-21,"100,000+",True,True
org.trinity.health,Trinity Health MyChart,HSC,100,2025-09-04,"100,000+",True,True
com.picmonic.androidapp.medicine,Picmonic Medical School Study,HSP,75,2025-07-11,"50,000+",True,True
com.wachanga.womancalendar,Clover－Period & Cycle Tracker,HSC,100,2025-09-03,"5,000,000+",True,True
com.nike.ntc,Nike Training Club: Fitness,HSC,100,2025-09-02,"10,000,000+",True,True
co.au.goalhero,Habit Hunter: RPG goal tracker,other,100,2025-09-04,"50,000+",True,True
com.vos.app,"VOS: Mental Health, AI Therapy",HSC,100,2025-08-18,"1,000,000+",True,True
com.sillens.shapeupclub,Lifesum: AI Calorie Tracker,HSC,100,2025-09-03,"10,000,000+",True,True
com.anatomist.app,Anatomist - The Anatomy Game,HSP,100,2025-08-21,"100,000+",True,True
com.deutschfordoctors,Medical German Language,,31,2025-07-30,"50,000+",True,False
co.loona,Loóna: Bedtime relax & Sleep,HSC,100,2025-09-03,"1,000,000+",True,True
com.sleepmonitor.aio,Sleep Monitor: Sleep Tracker,HSC,100,2025-09-04,"10,000,000+",True,True
com.gamehouse.hm2gp,Heart's Medicine: Time to Heal,other,100,2025-08-20,"1,000,000+",True,True
io.strongapp.strong,Strong Workout Tracker Gym Log,HSC,100,2025-09-02,"1,000,000+",True,True
com.pathwaymedical.pathway,Pathway – Medical Knowledge,HSP,81,2025-08-20,"100,000+",True,True
wikem.chris,WikEM - Emergency Medicine,,100,2024-07-20,"100,000+",True,False
com.wam.android,TELUS Health One,HSC,100,2025-08-28,"500,000+",True,True
com.westsamoaconsult.labtests,Medical Lab Tests,HSP,100,2025-08-27,"100,000+",True,True
com.ptwired.taylorrehabpt,Taylor Rehab Physical Therapy,,3,2022-08-06,"1,000+",True,False
com.periodtracker.periodcalendar.ovulation.periodcycle,Period Tracker Ovulation Cycle,HSC,100,2025-09-04,"10,000,000+",True,True
com.anatomyka.android,Anatomyka - 3D Anatomy Atlas,HSP,100,2025-08-22,"500,000+",True,True
com.groovehealthrx.groovehealth,EveryDose: Medication Reminder,HSC,100,2025-08-26,"50,000+",True,True
com.phonegap.rxpal,PharmEasy: Doorstep Healthcare,HSC,100,2025-09-04,"10,000,000+",True,True
com.production.ksm.generalsurgery,General Surgery Instruments,,100,2023-10-04,"100,000+",True,False
com.habitgenius.habit.tracker,Habit Tracker - HabitGenius,other,100,2025-09-03,"100,000+",True,True
com.xiaomi.wearable,Mi Fitness (Xiaomi Wear),,100,2025-09-04,"50,000,000+",True,False
com.hssn.anatomy3d,3D Anatomy,,100,2025-09-02,"100,000+",False,False
com.dorular.medicaldictionary,Medical Dictionary Offline,HSP,100,2025-09-01,"100,000+",True,True
com.aospstudio.care,Device Care: Device Health,other,100,2025-09-01,"50,000+",True,True
com.tactustherapy.advancedlanguagetherapy.lite,Advanced Language Therapy Lite,,16,2025-09-02,"10,000+",True,False
com.oristats.habitbull,Habit Tracker,HSC,100,2025-08-31,"1,000,000+",True,True
com.applee.car.medsc,MedEx - Clinical Examination,HSP,100,2025-08-31,"100,000+",True,True
com.usbmis.reader.mpr,MPR Drug and Medical Guide,,100,2025-02-21,"100,000+",True,False
br.com.tapps.medicinedash,Medicine Dash: Hospital Game,other,100,2025-08-30,"1,000,000+",True,True
com.mobisystems.msdict.embedded.wireless.mcgrawhill.npdg2015,Nurse's Pocket Drug Guide,,48,2024-01-23,"10,000+",True,False
com.clearcare.clearcareconnect,WellSky Personal Care,HSP,100,2025-09-04,"500,000+",True,True
com.neofect.connect,Rehabit: brain recovery habits,,19,2023-09-02,"10,000+",True,False
com.alt.goodmorning,"Routine Planner, Habit Tracker",other,100,2025-09-03,"1,000,000+",True,True
com.gamehouse.hm4gp,Heart's Medicine - Doctor Game,other,100,2025-09-02,"5,000,000+",True,True
com.shikudo.fitrpg.google,Fitness RPG: Walking Games,HSC,100,2025-09-03,"1,000,000+",True,True
com.quantresearch.exam.nbcot,NBCOT - Occupational Therapy,,8,2025-08-09,"1,000+",True,False
com.AnatomyLearning.Anatomy3DViewer3,Anatomy Learning - 3D Anatomy,HSP,100,2025-09-04,"10,000,000+",True,True
nl.appyhapps.healthsync,Health Sync,HSC,100,2025-09-03,"1,000,000+",True,True
com.clinical.pub,Clinical Tree,,22,2025-08-19,"10,000+",True,False
com.gallant.clinicalskills.learning.treatment,Clinical Skills & Examinations,HSP,93,2025-08-21,"10,000+",True,True
com.soft24hours.medical.terminology.dictionary.search.terms.vocabulary,Medical Terminology Dictionary,HSP,94,2025-07-22,"100,000+",True,True
com.unbound.android.ubco,Manual of Clinical Oncology,,8,2020-09-23,"10,000+",True,False
com.hltcorp.tcrn,Trauma Certified Nurse Exam,,11,2025-06-13,"5,000+",True,False
com.mobilehealthconsumer.mhc,Mobile Health Consumer,,100,2025-06-09,"50,000+",True,True
com.myhealthplanner.mobile,My Health Planner,HSC,100,2025-08-26,"10,000+",True,True
com.seasector.emotionalintelligence,Sintelly: CBT Therapy Chatbot,HSC,100,2025-09-04,"1,000,000+",True,True
com.mobisystems.msdict.embedded.wireless.elsevier.dorlandsmedical,Dorland’s Medical Dictionary,,100,2024-09-15,"500,000+",True,False
com.minerva_medical.minerva,Full Code Medical Simulation,HSP,100,2025-09-03,"1,000,000+",True,True
com.healthandher,Health & Her Menopause Tracker,HSC,100,2025-08-30,"100,000+",True,True
melstudio.msugar,Glucose tracker－Diabetic diary,HSC,100,2025-08-27,"500,000+",True,True
health.mydiabetes,"MyDiabetes: Meal, Carb Tracker",HSC,100,2025-09-03,"100,000+",True,True
com.tjd.tjdmainS2,Lefun Health,HSC,100,2025-09-04,"10,000,000+",True,True
com.irwaa.medicareminders,Medication Reminder & Tracker,HSC,100,2025-08-20,"100,000+",True,True
com.psvn.okulistHippo,Hippo Eye Doctor: Medical game,other,100,2025-07-12,"1,000,000+",True,True
com.northcube.sleepcycle,Sleep Cycle: Sleep Tracker,HSC,100,2025-09-03,"10,000,000+",True,True
com.argosy.vb.anatomyandphysiology,Anatomy & Physiology,,68,2025-01-20,"10,000+",False,False
com.friendivity.symm2.gp,Hospital Tycoon,,66,2025-05-30,"100,000+",True,False
com.medpresso.Lonestar.netteran,Human Anatomy Atlas,,17,2025-07-30,"50,000+",True,False
com.shinynewapp.migraineinsight2,Migraine Insight: Tracker,HSC,100,2025-09-01,"10,000+",True,True
com.PepiPlay.PepiHospital,Pepi Hospital: Learn & Care,,100,2025-09-02,"100,000,000+",True,False
net.nutrilio,Nutrilio: Food Tracker & Water,HSC,100,2025-09-03,"1,000,000+",True,True
com.sleepwave.app,Sleepwave: Alarm & Tracker,HSC,100,2025-08-29,"500,000+",True,True
com.medpresso.testzapp.mieanatphysio,Anatomy & Physiology MIE NCLEX,,32,2024-10-29,"10,000+",True,False
com.dsxpress.mycabinet,MyCabinet: Medicine Management,,15,2025-09-01,"1,000+",True,False
com.hiro.patient,HiRO Patient,,16,2024-09-02,"50,000+",True,False
com.azerion.mergehospital,Merge Hospital by Operate Now,other,100,2025-08-30,"100,000+",True,True
com.bbi.accorg.cardiosource.american_college_of_cardiology,ACC Guideline Clinical App,HSP,100,2025-08-15,"100,000+",True,True
com.rstream.mindfulness,Mindfulness & Sleep Meditation,,22,2025-06-16,"10,000+",True,False
io.quarkux.drugindexplus,Egypt's Drug Guide,HSP,100,2025-08-12,"50,000+",True,True
com.vyrty.android.patient,Sync.MD Personal Health Record,,12,2024-11-13,"5,000+",True,False
com.mysunshine.pippin,Pippin Speech Therapy,,14,2024-11-29,"5,000+",True,False
np.com.midas.merodoctor,Mero Doctor,HSC,100,2025-08-26,"100,000+",True,True
com.motivated.app,Motivated: Habit Tracker,other,100,2025-09-02,"100,000+",True,True
com.sleep.sleeptracker.sleepsounds.sleepcycle,Sleep Tracker: Sleep Recorder,,32,2025-08-25,"50,000+",True,False
com.medpresso.Lonestar.ccmedrn,Med-Surg Nursing Clinical Comp,,7,2025-08-15,"10,000+",True,False
com.unbound.android.cqtal,Taber's Medical Dictionary...,,100,2025-01-08,"100,000+",True,False
com.symptomate.mobile,Symptomate – Symptom checker,HSC,100,2025-08-24,"500,000+",True,True
org.surgery101.android.surgery101,Surgery 101,,13,2020-01-18,"1,000+",False,False
com.irisoncology.irisapp,Iris Oncology,,0,,"1,000+",True,False
com.remente.app,"Remente: Self Care, Wellbeing",HSC,100,2025-08-23,"1,000,000+",True,True
com.medpresso.Lonestar.saundersdx,Saunders Nursing Drug Handbook,HSP,100,2025-08-02,"100,000+",True,True
org.fairview.mychart,M Health Fairview,HSC,100,2025-07-22,"50,000+",True,True
app.avocation.avocation,Avocation Goal & Habit Tracker,other,100,2025-07-28,"1,000,000+",True,True
com.levelex.pantheon,Top Derm: Dermatology Game,,9,2025-01-22,"10,000+",True,False
com.risesci.nyx,RISE: Sleep Tracker,HSC,100,2025-09-04,"1,000,000+",True,True
com.fatbelly.firstaidsandemergencytechniques,First Aid and Emergency Techni,HSC,100,2025-07-20,"100,000+",True,True
mytown.hospital,My Town : Hospital,,100,2025-07-14,"100,000+",False,False
com.devsoldiers.calendar.vesta.pills,Birth control pill reminder,,100,2024-11-27,"100,000+",True,False
com.rxgo,RxGo: Prescription Rx Coupons,,27,2025-07-03,"5,000+",True,False
com.doctor.surgerymaster,Surgery Master,other,100,2025-09-01,"10,000,000+",True,True
com.medpresso.Lonestar.labtests,Manual Lab & Diagnostic Tests,,24,2025-01-07,"50,000+",True,False
com.unbound.android.ubgol,Gynecology and Obstetrics,,28,2024-09-18,"100,000+",True,False
com.idea.PhoneDoctorPlus2,Phone Doctor Plus,other,100,2025-09-03,"500,000+",True,True
de.moodpath.android,MindDoc: Mental Health Support,HSC,100,2025-08-01,"1,000,000+",True,True
com.medpresso.Lonestar.ferrica,Ferri's Clinical Advisor,,20,2022-02-10,"10,000+",True,False
com.chargehealth.clientapp,Charge Health,,1,2025-01-23,"1,000+",True,False
de.streuer.alexander.anatomyquizpro,Anatomy Quiz Pro,,33,2025-06-25,"5,000+",False,False
femia.menstruationtracker.fertilityapp,Ovulation & Period Tracker,HSC,100,2025-07-03,"500,000+",True,True
com.usmleworld,UWorld Medical Prep App,HSP,100,2025-07-31,"100,000+",True,True
com.trainest,Trainest Personal Fitness Plan,,64,2025-06-13,"10,000+",True,True
com.samsung.android.wear.shealth,Samsung Health,,100,2025-09-03,"50,000,000+",True,False
com.tanosapps.meditanos,Self Therapy: Mental Tests,HSC,76,2025-08-30,"100,000+",True,True
xyz.thefor.habits.habits,TheFor: Habit Tracker,other,100,2025-09-03,"500,000+",True,True
com.medpresso.Lonestar.rndiseases,Diseases & Disorders: Nursing,,38,2025-05-13,"100,000+",True,False
com.medpresso.Lonestar.currdxtxpsych,CURRENT Dx Tx Psychiatry,,12,2023-09-22,"10,000+",True,False
com.aicure.android.ima,Patient Connect,,6,2025-04-04,"5,000+",True,False
com.something.android.simplepharmacology,Simple Pharmacology,HSP,100,2025-08-30,"100,000+",True,True
com.joymore.simhospital,Sim Hospital Tycoon:Idle Games,,42,2025-06-11,"50,000+",True,False
com.medpresso.Lonestar.tabers,Taber's Medical Dictionary,,28,2025-04-22,"10,000+",True,False
com.companyname.MedicalDictionary,Advanced Medical Dictionary,,24,2025-08-15,"10,000+",True,False
com.educaPix.Anatomix,Human Anatomy - Body parts,other,100,2025-07-27,"500,000+",True,True
com.healthcarecentral.healthly,HealthLy - Digital Health,,23,2024-12-21,"50,000+",True,False
com.medpresso.Lonestar.medsrg,Medical Surgical RN Companion,,43,2025-01-10,"50,000+",True,False
com.medpresso.Lonestar.cmdt,CURRENT Med Diag & Treatment,HSP,100,2025-08-11,"100,000+",True,True
health.human.app,Human Health Tracker,HSC,100,2025-08-25,"100,000+",True,True
com.medpresso.Lonestar.jbrndrug,Nurse’s Drug Handbook App,,17,2025-05-18,"50,000+",True,False
com.dream.sleep,Sleep Pilot - Sleep Tracker,,68,2025-04-06,"10,000+",True,False
com.hct2.nursegrid.android.web,NurseGrid: Nursing Calendar,HSP,100,2025-08-30,"100,000+",True,True
com.labstyle.darioandroid,Dario Health,HSC,100,2025-08-18,"100,000+",True,True
com.yboga.dreamhospital,Dream Hospital: Doctor Tycoon,other,100,2025-09-04,"5,000,000+",True,True
health.doctor.pill.my_medicine,My Medicine - Health Log,,8,2025-07-11,"10,000+",True,False
com.webmd.ways,Wellness At Your Side,HSC,100,2025-09-02,"100,000+",True,True
pharma.exam,Pharmacology for Nursing 2025,,30,2025-05-25,"100,000+",True,False
io.blueheart.blueheart,Blueheart: Relationship Health,other,100,2025-09-02,"100,000+",True,True
cc.phk.knowdrugs,KnowDrugs Drug Checking,HSC,100,2025-09-04,"500,000+",True,True
gr.tessera.fordiabetesapp,forDiabetes: diabetes tracker,,61,2024-11-07,"50,000+",True,False
com.medpresso.Lonestar.ahfsdi,AHFS Drug Information,,20,2025-06-06,"10,000+",True,False
com.bicyclehealth.patient.app,Bicycle Health,HSC,100,2025-08-20,"10,000+",True,True
com.transsion.healthlife,My Health,,100,2025-09-04,"100,000,000+",True,False
net.imaios.eanatomy,IMAIOS e-Anatomy,HSP,100,2025-09-01,"1,000,000+",True,True
com.kithandkin.kinkeeper,KinKeeper - Health Organizer,,37,2025-08-18,"10,000+",True,False
alarm.clock.calendar.reminder.pro,Reminder Pro,,100,2025-08-23,"500,000+",False,False
com.cliniconline,Medical Records,other,100,2025-08-29,"500,000+",True,True
mobilecreatures.pillstime,Pills Time Med Reminder,HSC,100,2025-08-18,"100,000+",True,True
com.glow.android,Ovulation Tracker App | Glow,HSC,100,2025-09-04,"1,000,000+",True,True
com.innowise.pathology3d,VOKA 3D Anatomy & Pathology,HSP,100,2025-09-03,"100,000+",True,True
com.hltcorp.howardneurology,Neurology Exam Review Q&A,,13,2024-12-29,"10,000+",True,False
com.mobisystems.msdict.embedded.wireless.oxford.concisemedical,Oxford Medical Dictionary,other,100,2025-08-22,"1,000,000+",True,True
com.blueberrypediatrics.blueberrypediatrics,Blueberry Pediatrics,HSC,69,2025-07-30,"10,000+",True,True
com.forcetherapeutics.android,Force Patient,HSC,100,2025-08-27,"50,000+",True,True
com.mypainoff,MyPainOff Pain Relief Tracker,,9,2025-08-31,"1,000+",True,False
com.unbound.android.cqhm,Harrison's Manual of Medicine,HSP,100,2025-07-23,"100,000+",True,True
com.webmd.android,WebMD: Symptom Checker,HSC,100,2025-09-02,"10,000,000+",True,True
io.snaq.app,SNAQ - Diabetes Food Tracker,HSC,88,2025-08-31,"50,000+",True,True
com.ochsner.digitalmedicine,Digital Medicine,HSC,56,2025-08-23,"10,000+",True,True
com.medpresso.Lonestar.psychnotes,PsychNotes: Clinical Pkt Guide,,22,2024-08-26,"10,000+",True,False
com.usbmis.troposphere.nursedhb2,Nurse's Drug Handbook,,100,2025-02-01,"100,000+",True,False
com.cherrypickgames.myhospital,My Hospital: Build. Farm. Heal,other,100,2025-08-25,"5,000,000+",True,True
com.dragonplus.happyhospital,Happy Hospital®: ASMR Blast,other,100,2025-09-02,"10,000,000+",True,True
com.emedici.eMedici,eMedici Medical Education,,11,2025-08-12,"5,000+",True,False
com.gwhizmobile.mooreflashcards,USMLE Clinical Anatomy,,21,2025-01-09,"10,000+",True,False
com.functionhealth,Function Health,,5,2025-08-11,"5,000+",True,False
yuku.usdanut.lite,Nutrition Facts,,100,2023-05-30,"100,000+",True,False
com.lyf.iheallyf,Heal LYF: Holistic Health AI,,12,2025-05-25,"10,000+",True,False
com.dontexist.marksphotos.myasthenia,Myasthenia Symptom Tracker,,8,2025-08-09,"1,000+",True,False
com.promotionsoftware.emergencymobile,EMERGENCY,other,100,2025-07-05,"1,000,000+",True,True
com.sirma.medrec.m,Medrec:M - Medical Record,,16,2024-12-05,"10,000+",True,False
com.drugrehabapp,Drug Rehab Finder,,4,2025-08-08,500+,True,False
com.medpresso.Lonestar.clinanes,Handbook Clinical Anesthesia,,21,2024-06-02,"10,000+",True,False
com.RetailTherapyApp.android,Retail Therapy,,43,2024-05-10,"50,000+",True,False
sworkitapp.sworkit.com,Sworkit: Fitness & Workouts,HSC,100,2025-08-27,"5,000,000+",True,True
com.droidinfinity.healthplus,Health & Fitness Tracker,HSC,100,2025-08-21,"5,000,000+",True,True
evil.plague.virus,Idle Infection,,100,2025-03-24,"1,000,000+",True,False
cura.com.cura,ACL & Knee Physical Therapy,HSC,100,2025-07-14,"10,000+",True,True
com.samsung.android.lool,Device Care,,100,2025-09-04,"1,000,000,000+",True,False
com.period.tracker.menstrual.cycle.menses.calendar.ovulation,Period Tracker and Ovulation,HSC,100,2025-09-02,"1,000,000+",True,True
com.waveapp.android,Wave Health: Symptom Tracker,HSC,55,2025-08-06,"10,000+",True,True
com.call_for_help,Call For Help - Emergency SOS,,39,2025-08-15,"10,000+",True,False
com.optimaxInvestments.GlassesUSA,Prescription Scanner,other,100,2025-09-02,"100,000+",True,True
com.medpresso.Lonestar.pktanatomy,Pocket Anatomy and Physiology,HSP,51,2025-08-25,"100,000+",True,True
com.app.eyepatient,Eye Patient,,46,2024-10-10,"10,000+",True,False
com.cardiovisual.app,CardioVisual: Health Education,,100,2024-12-11,"100,000+",True,False
app.setgraph,Setgraph: Workout Log,HSC,55,2025-09-04,"50,000+",True,True
com.ifeel.ifeeluserchat,"Online therapy, emotional help",HSC,100,2025-09-02,"500,000+",True,True
com.spilgames.OperateNow2,Operate Now Hospital - Surgery,,100,2025-09-01,"50,000,000+",True,False
com.miiskin.android,Miiskin Skin & Dermatology,HSC,100,2025-08-30,"100,000+",True,True
com.biodigitalhuman.humanAndroid,BioDigital Human - 3D Anatomy,HSP,100,2025-09-04,"1,000,000+",True,True
com.ma.ld.dict.ingredients,Ingredients & Nutrition Guide,HSC,100,2025-08-24,"50,000+",True,True
com.cocoredhan.medical,Medical Terminology Learning Q,,47,2025-07-31,"100,000+",True,False
com.healthprecision.android.patient,Medical Brain,,25,2025-08-06,"10,000+",True,False
com.catfishanimationstudio.MuscularSystemLite,Anatomy 3D Atlas,HSP,100,2025-09-04,"5,000,000+",True,True
com.basu,RedSOS: 24/7 Emergency Service,,60,2025-01-27,"50,000+",True,False
com.whisperarts.period.tracker,Menstrual cycle tracker - Days,,24,2025-09-02,"100,000+",True,False
com.medpresso.Lonestar.nurane,Nurse Anesthesia Pocket Guide,,10,2025-07-27,"10,000+",True,False
com.clsreview.clsreview,Clinical Lab Science Review,,36,2025-06-18,"50,000+",True,False
br.com.youper,Youper: AI Mental Health,HSC,100,2025-08-06,"1,000,000+",True,True
com.eddiihealth.eddii,eddii - complete endo care,HSC,50,2025-07-20,"10,000+",True,True
com.app.glucosense,GlucoSense: Diabetes Health,,7,2025-08-04,500+,True,False
com.labcorp.patientportal,Labcorp | Patient,HSC,100,2025-09-04,"1,000,000+",True,True
com.first.medical.medical,Classify Rx for pharmacology,,100,2025-06-04,"100,000+",True,True
com.doctorbox.patient,DoctorPlan- Personalized Care,,36,2025-08-06,"10,000+",True,False
com.alphazstudio.learnpharmacology,Learn Pharmacology (Offline),HSP,100,2025-08-20,"100,000+",True,True
com.visual3dscience.organs,My Organs Anatomy,HSP,100,2025-08-28,"500,000+",True,True
ai.lightningrod.pensiveapp,Pensive - Therapy AI,,39,2025-04-21,"5,000+",True,False
com.threesixtyentertainment.nesn,Emergency Plus,HSC,100,2025-08-21,"1,000,000+",True,True
com.FriendsApp.pillidentifieranddrugsearch,Pill Identifier & Drug Search,HSC,100,2025-09-04,"100,000+",True,True
com.medpresso.Lonestar.rndxtests,Laboratory Diagnostic Tests,,47,2025-07-25,"100,000+",True,False
net.cardiodiagnostics.cardioconnect,CardioConnect Health Assistant,,6,2023-08-03,"1,000+",True,False
me.talli.symptomtracker,Symptom Tracker,,13,2025-07-09,"1,000+",True,False
com.unbound.android.uban,Anatomy & Physiology Made Easy,,15,2025-07-29,"50,000+",True,False
com.stresscareclinic.app,Stress Care Clinic,,5,2025-08-15,"1,000+",True,False
com.aliyapici.AlyaTherapist,AI Therapist & Therapy: Alya,,4,2025-06-27,"1,000+",True,False
com.aaptiv.android,Aaptiv: Fitness for Everyone,HSC,100,2025-08-30,"1,000,000+",True,True
com.mysosfamily,My SOS Family Emergency Alerts,HSC,100,2025-08-16,"100,000+",True,True
com.hltcorp.emergencynursing,Emergency Nurse Essentials,,16,2023-11-29,"10,000+",True,False
com.innodiets.cardi,Cardi Health: Heart Monitoring,HSC,100,2025-09-04,"50,000+",True,True
com.habapps.anatomy,Anatomy Game,,36,2025-09-03,"100,000+",True,False
com.gwhizmobile.langeqainternalmedicine,USMLE Internal Medicine Q&A,,14,2025-08-22,"10,000+",True,False
com.innovativeworldapps.vitalstracker,Vitals Tracker – BP & Health,,27,2025-08-27,"1,000+",True,False
com.apalon.to.do.list,Productive - Habit tracker,other,100,2025-09-03,"1,000,000+",True,True
com.androidapps.healthmanager,Health Pal - Fitness Manager,HSC,100,2025-08-13,"1,000,000+",True,True
com.imagiration.speechtherapy2,Speech Therapy 2 – Syllables,,4,2025-08-14,"5,000+",True,False
de.feastr.plan,Meal Planner & Nutrition Coach,,39,2025-01-27,"100,000+",True,False
com.visual3dscience.Respiratory,Respiratory System Anatomy,,69,2025-03-28,"100,000+",True,False
com.dochalo.dochalo,symplr Clinical Communications,HSP,54,2025-07-31,"50,000+",True,True
com.doctorplanner,Doctor Planner,,9,2025-01-22,"10,000+",True,False
com.babyaudioimagesapplite,Speech Therapy: Let Me Talk,,6,2025-05-30,"10,000+",True,False
vladimir.yerokhin.medicalrecord,Medical records,,100,2025-03-26,"50,000+",True,False
com.azaknordive.body.temperature.tracker.thermometer.fever.checker.diary.history.info.monitor.records.calc.hypo,Body Temperature Fever Tracker,HSC,100,2025-09-04,"500,000+",True,True
com.truworth.wellnesscorner,The Wellness Corner,HSC,100,2025-09-04,"500,000+",True,True
md.your,Health Tracker: Healthily,,100,2024-10-27,"1,000,000+",True,False
io.medcases,Medcases: Medical Education,,13,2024-09-26,"10,000+",True,False
com.gwhizmobile.mghpretestsurgery,Surgery PreTest for USMLE,,8,2024-05-13,"5,000+",True,False
com.medpresso.Lonestar.washmnl,Washington Manual Medical Ther,,16,2024-02-26,"10,000+",True,False
es.medcontrol,MedControl: My Medical Control,,19,2025-08-27,"100,000+",True,False
de.ssncomputer.rls,Emergency Rescue: Save Lives,,20,2025-07-27,"100,000+",True,False
au.gov.nsw.health.aci.eyemanual,Eye Emergency Manual,,18,2023-07-11,"10,000+",True,False
health.onvy,ONVY - Health Coaching with AI,,19,2025-07-28,"1,000+",True,False
com.sinyee.babybus.ambulance,Baby Panda's Emergency Tips,,100,2025-09-01,"50,000,000+",True,False
com.planet72.myvaccinations,VaxTrack-Vaccine Record,HSC,97,2025-08-13,"10,000+",True,True
com.mattressfirm.sleepapp,Sleep.com: Sleep Cycle Tracker,HSC,89,2025-08-12,"50,000+",True,True
com.graphicvizion.visualAnatomy3D,Visual Anatomy 3D - Human body,HSC,50,2025-08-27,"100,000+",True,True
gov.cdc.ncird.vaccineschedule,CDC Vaccine Schedules,HSP,100,2025-08-09,"100,000+",True,True
com.arkaagp.medirecords,My Health Records,,30,2025-08-19,"10,000+",True,False
com.wayoflife.app,Way of Life: habit tracker,HSC,100,2025-08-25,"500,000+",True,True
com.hts.ambulance.doctor.rescue.games,Ambulance Doctor Hospital Game,other,100,2025-08-01,"10,000,000+",True,True
co.elfie.app,Elfie - Health & Rewards,HSC,100,2025-09-04,"1,000,000+",True,True
com.hltcorp.aswbclinical,ASWB® Clinical Exam Guide & Pr,,17,2023-12-07,"5,000+",True,False
com.medicallicensingexam.quiz,Medical Quiz USMLE & PLAB Prep,,35,2024-08-27,"10,000+",True,False
co.mindpeers,MindPeers: Online Therapy,HSC,100,2025-08-28,"100,000+",True,True
com.visual3dscience.humananatomy,Human Anatomy,HSP,100,2025-09-04,"1,000,000+",True,True
com.mavencare.client.mpluscare,Viv Home Care,,30,2025-07-08,"10,000+",True,False
com.sec.android.app.shealth,Samsung Health,,100,2025-09-04,"1,000,000,000+",True,False
com.amerikanhastanesi.connect,Koç Healthcare,,21,2025-05-30,"50,000+",True,False
com.cleantec.pharmacology,Pharma Drug Classification,HSP,66,2025-07-06,"10,000+",True,True
com.health.healtharc,HealthArc - Patient Monitoring,,23,2025-05-12,"1,000+",True,False
ru.easyanatomy,Easy Anatomy 3D,,21,2025-09-03,"100,000+",True,False
com.science37.mobile,Science 37 Clinical Research,,48,2025-08-06,"10,000+",True,False
org.CountyofSanDiego.SDEmergency,SD Emergency,,100,2025-03-18,"100,000+",True,False
net.klier.blutdruck,BloodPressure DB – BP Tracker,HSC,100,2025-08-21,"1,000,000+",True,True
com.gwhizmobile.langeqapediatrics,USMLE LANGE Q&A for Pediatrics,,11,2025-08-22,"5,000+",True,False
com.nursing.pharma,Nursing Pharmacology,,24,2025-04-23,"10,000+",True,False
com.arkinfosoft.mediplus,Doctor Diary,HSP,79,2025-09-01,"10,000+",True,True
com.getech.SurgeryPart1,Doctor Simulator Surgery Game,,9,2024-10-10,"10,000+",True,False
com.RealityPlus.DoctorWhoWorldsApart,Doctor Who: Worlds Apart,other,75,2025-08-22,"50,000+",True,True
my.crazy.hospital,My Perfect Hospital,,21,2025-09-01,"10,000+",True,False
com.dietdoctor.EatApp,Diet Doctor — low-carb & keto,HSC,100,2025-08-25,"100,000+",True,True
com.PrimalPictures.AnatomyQuiz,Primal’s 3D Human Anatomy Quiz,,5,2024-03-08,"10,000+",True,False
com.mosalingua.enmedic,Medical English - MosaLingua,,23,2024-11-01,"50,000+",True,False
com.visual3dscience.heartpro,Heart Anatomy Pro.,HSP,67,2025-08-22,"100,000+",True,True
com.samsung.android.service.health,Health Platform,,100,2025-09-03,"100,000,000+",True,False
com.catfishanimationstudio.AnatomyForTheArtistLite,3D Anatomy for the Artist,other,100,2025-07-08,"500,000+",True,True
com.keephealthpro.android,Keep Health,HSC,100,2025-09-03,"500,000+",True,True
com.gezuntpatient,Neura Health: Neurology Care,,16,2025-09-04,"1,000+",True,False
com.edwards.clinicaleducation,Edwards Clinical Education,,8,2025-08-07,"5,000+",True,False
com.pdd.pdd,DoctorP - your plants doctor,,10,2024-06-02,"50,000+",True,False
ch.innovation6.tom.android,TOM: Pill Tracker & Med Timer,HSC,100,2025-08-27,"100,000+",True,True
com.petersons.deanvaughn,DeanVaughn Medical Terminology,,8,2025-02-27,"1,000+",True,False
com.idoc24.firstderm,First Derm: Online Dermatology,,89,2025-06-26,"50,000+",True,True
com.skincheck.cancerscreening.melanoma.mole.check,Skin Check: Dermatology App,HSC,56,2025-07-27,"50,000+",True,True
com.medpresso.Lonestar.willendo,William Endocrinology Textbook,,3,2024-08-05,"5,000+",True,False
com.unbound.android.ubemi,Emergency Central,,6,2020-01-08,"5,000+",True,False
kr.go.nema.disasteralert_eng,Emergency Ready App,,29,2025-08-04,"50,000+",True,False
com.elink.fittrackhealth.pro,Hume Health,HSC,100,2025-09-04,"500,000+",True,True
com.medapps.rer.shortcasesinmedicine,Medicine OSCE Guide,HSP,100,2025-08-09,"100,000+",True,True
tech.chitwansoft.emergencyinformation,ICE - In case of Emergency,HSC,100,2025-09-01,"100,000+",True,True
com.medpresso.Lonestar.rndrug,Mosby's Nursing Drug Reference,,32,2025-04-02,"10,000+",True,False
com.tactustherapy.conversationtherapy.lite,Conversation Therapy Lite,,9,2024-10-07,"10,000+",True,False
com.montunosoftware.dosecast,Dosecast - Pill Reminder App,HSC,100,2025-08-28,"100,000+",True,True
com.dar_slova.hs,Reach Speech: Speech therapy,,85,2025-01-15,"500,000+",True,False
com.a3d4medical.completeanatomy,Complete Anatomy,HSP,100,2025-09-02,"1,000,000+",True,True
com.medpresso.Lonestar.netterflash,Netter's Anatomy Flash Cards,,12,2025-03-28,"50,000+",True,False
com.SugarSocialNetworks.SecondLife,Online Therapy AI Psychologist,,6,2025-04-09,"10,000+",True,False
com.unbound.android.ubdx,Dermatology DDx,,6,2025-02-22,"5,000+",True,False
com.medicaljoyworks.clinicalodyssey,Clinical Odyssey,,46,2025-09-04,"10,000+",True,False
com.unbound.android.ubnpl,Nurse's Pocket Guide Diagnosis,,39,2025-04-14,"100,000+",True,False
com.bizit.doctor.appointment,Ibn Sina Doctor Appointment,HSC,100,2025-09-02,"100,000+",True,True
com.ohsofia.ohsofia,OhSofia: AI Therapy Chat,,26,2025-06-01,"50,000+",True,False
com.otsimo.speech,Otsimo | Speech Therapy SLP,HSC,100,2025-08-13,"50,000+",True,True
com.medpresso.constellation.medschool,"Anatomy Atlas, USMLE, Clinical",,15,2024-04-04,"10,000+",True,False
bp.health.tracker.bp.monitor,AI Health Assistant,,33,2025-08-16,"100,000+",True,False
com.grahamhealth.mycarecentral,My Care Central,,9,2023-11-17,"1,000+",True,False
de.streuer.alexander.medtermquiz,Terminology - Medical Terms,,5,2025-08-01,"5,000+",True,False
com.zurich.livewell,LiveWell - Make Health a Habit,HSC,100,2025-09-03,"1,000,000+",True,True
net.mdtoolkit.radiologycorephysicspremium,Radiology Core: Physics Plus,,18,2024-05-17,"1,000+",False,False
com.medpresso.Lonestar.rcpdq,Mosby's PDQ Respiratory Care,,3,2025-08-20,"1,000+",True,False
com.equate.hearthealthplus,Equate Heart Health+,HSC,55,2025-09-03,"10,000+",True,True
com.visual3dscience.muscle,My Muscle Anatomy,,100,2025-02-13,"100,000+",True,False
com.valleywellnessnj.store,Valley Wellness,,5,2025-08-13,100+,True,False
com.gwhizmobile.mghpretestfamilymed,Family Medicine PreTest: USMLE,,5,2020-02-09,"5,000+",True,False
com.xtxytech.flutter_blood_pressure_tracker,Blood Sugar & Pressure Tracker,,34,2025-08-26,"50,000+",True,False
com.matrixcare.homecare,MatrixCare for Home Care,HSP,100,2025-07-21,"50,000+",True,True
com.terapiachat.android,Therapyside - Online therapy,,75,2024-09-07,"100,000+",True,False
my.gov.onegovappstore.healthcertverifier,Vaccine Certificate Verifier,,100,2025-05-13,"500,000+",True,False
org.abp.moca_peds,MOCA-Peds | Pediatrics Exam,,8,2021-06-23,"5,000+",True,False
de.ssncomputer.EmergencyRescueForce.Firefighter.mobile,Emergency Rescue Force: Heroes,,30,2025-08-17,"100,000+",True,False
com.shockwavegames.emergency.rescue.service,Emergency Firefighter Police,other,100,2025-08-31,"500,000+",True,True
com.gwhizmobile.lippincottpharmacology,Pharmacology: USMLE & NAPLEX,,10,2024-06-02,"10,000+",True,False
com.careaide,Meds & Pill Reminder: CareAide,HSC,76,2025-07-02,"100,000+",True,True
com.unbound.android.ubmdl,Mosby's Drug Reference,,3,2023-02-28,"10,000+",True,False
com.uhs.mymedicalrecord.iphr,My medical record,HSC,100,2025-08-20,"10,000+",True,True
com.ydo.smartapp,Your Doctors - Online Doctor,HSC,100,2025-09-01,"100,000+",True,True
ic.mobile.patientportal,Patient Portal,HSC,100,2025-08-30,"100,000+",True,True
com.FriendsApp.SymptomChecker,Symptom Checker,HSC,93,2025-07-22,"10,000+",True,True
com.aoic.apdahealthcaretrackerapp,APDA Symptom Tracker,,16,2025-01-03,"5,000+",True,False
com.marylandhealthconnection.mobile,Maryland Health Connection,HSC,100,2025-08-24,"100,000+",True,True
com.careclinicsoftware.careclinic,"Symptom, Mood & Period Tracker",HSC,100,2025-09-04,"100,000+",True,True
com.levstone.mobility.trustedelderlycare,Elderly Care: health + protect,,13,2025-05-31,"10,000+",True,False
com.abbott.nmd.oneapp,NeuroSphere Digital Health App,,44,2025-09-02,"10,000+",True,False
com.eightfloor.emergencycrew2.freemium.googleplay,Emergency Crew Chapter 2,,5,2024-03-20,"1,000+",True,False
com.viprak.vaccineapp,Vaccine Record for Travellers,,30,2025-05-08,"10,000+",True,False
com.caretime.mobile,CareTime Home Care,,24,2025-07-09,"1,000+",True,False
com.aanqod,Neurology Question of the Day,HSP,67,2025-08-25,"5,000+",True,True
air.com.imaios.qevlarradiology,Qevlar Radiology,,9,2021-05-19,"5,000+",True,False
com.thevaccineapp.app,The Vaccine App,,27,2024-03-03,"10,000+",True,False
com.navigateemergencymanagementsuite,Emergency Management Suite,,19,2025-07-29,"10,000+",True,False
com.mystrength.cross.MyStrength,myStrength by Teladoc Health,HSC,100,2025-08-23,"100,000+",True,True
com.google.android.apps.healthdata,Health Connect,,100,2025-09-04,"500,000,000+",True,False
pedcall.VacReminder,Vaccine Reminder,HSC,82,2025-08-22,"50,000+",True,True
org.elcamino.hospital,El Camino Health,,37,2025-08-21,"5,000+",True,False
all.pillreminder.medicationtracker.medsalarm,Medsbit Medication Tracker,,13,2024-10-04,"10,000+",True,False
mu.mt.selfcare,my.t care,other,100,2025-08-04,"100,000+",True,True
com.epocrates,epocrates: Drug Checker App,HSP,100,2025-08-26,"1,000,000+",True,True
com.rrsolutions.fevercheckup,Body Temperature・Fever Tracker,HSC,100,2025-09-03,"1,000,000+",True,True
com.gwhizmobile.langemedicalflashcards.pharmacology,USMLE Pharmacology Flashcards,,11,2020-07-08,"10,000+",True,False
com.medpresso.skillshub,Skills Hub - Nursing Skills,,9,2024-05-27,"10,000+",True,False
symptom.tracker.track.symptoms.journal.diary.checker,Symptom Tracker,,31,2025-08-18,"5,000+",True,False
me.sleep.app,sleepme: Path To Better Sleep,HSC,100,2025-08-14,"10,000+",True,True
com.calmerry.client.app,Calmerry Online Therapy,,54,2025-05-03,"5,000+",True,False
com.qvik.mrpatient,Patient Records & Appointments,,35,2025-08-28,"10,000+",True,False
com.the3d4medical.EssentialAnatomy,Essential Anatomy 5,,100,2025-08-28,"50,000+",False,False
com.ornament.monitor,Ornament: Health Monitoring,HSC,100,2025-09-03,"1,000,000+",True,True
com.threebscientific.smartanatomy,3B Smart Anatomy,,19,2025-03-08,"50,000+",True,False
com.flolivingalisavitti.myfloapp,MyFlo® Period Tracker Calendar,HSC,100,2025-09-04,"50,000+",True,True
com.pharmacy.crack,Pharmacy Crack: Rx Drug Trivia,,19,2025-08-05,"10,000+",True,False
org.selecthealth.myhealth,Select Health,other,100,2025-07-23,"50,000+",True,True
com.medpresso.Lonestar.harrisons,Harrison’s Manual of Medicine,,5,2024-02-19,"10,000+",True,False
com.medpresso.Lonestar.esskccm,Essentials Clinical Medicine,,10,2025-01-12,"10,000+",True,False
com.speareducation.patienteducation,Patient Education,,0,,"1,000+",True,False
com.fresenius.patienteducation,Patient Education,,1,2023-12-14,100+,True,False
com.amigos.everwellnative,Edge Patient Education Content,,0,,1+,True,False
co.vearth.helf,HELF - Health Knowledge AI,HSP,91,2025-08-27,"50,000+",True,True
com.medacta.pop,Patient Optimized Pathway,,4,2025-06-29,"1,000+",True,False
com.fenls.drenglish,Dr. Medical English: Learn,,26,2025-08-20,"10,000+",True,False
com.arnmxaaron.PhysicalHealthEducation,Health Education (S.S.S 1-3),,12,2025-07-30,"5,000+",True,False
com.sqsapps.health_education,Health Education,,13,2025-01-16,"10,000+",True,False
com.who_phc,Primary Health Care,,6,2025-07-27,"10,000+",True,False
com.rermedapps.clinicalskills,Clinical Skills | OSCE Guide,,0,,50+,False,False
com.habapps.anatomypro,Anatomy Pro,,3,2025-03-30,100+,False,False
com.medpresso.Lonestar.dxtests,Guide to Diagnostic Tests,,1,2024-02-03,"5,000+",True,False
com.bloomcodestudio.nursingskills,Nursing Skills: Clinical Guide,,3,2025-09-02,"1,000+",True,False
com.uacodestudio.nursingskill,Clinical Nursing Skills,,18,2025-06-24,"5,000+",True,False
com.medpresso.Lonestar.nurclinpro,Nurse Guide Clinical Procedure,,19,2024-12-06,"50,000+",True,False
com.medpresso.Lonestar.clinskill,Taylors Clinical Nursing Skill,,2,2023-10-19,"1,000+",True,False
com.all_mbbs.allmedicalbook,MBBS all medical book,HSP,55,2025-09-03,"10,000+",True,True
com.medpresso.Lonestar.surgmnl,Schwartz's Manual of Surgery,,0,,"5,000+",True,False
net.ays.PROD610071,Buku Medicine,,35,2025-07-29,"10,000+",True,False
com.skl.DoctorQuizMedicalQuizGame,DoctorQuiz: Medical Quiz Game,,0,,100+,True,False
com.ms.quiz,Medical Surgical Nursing Quiz,,19,2025-09-03,"10,000+",True,False
com.jvapps.meuquiz,Anatomania - Anatomy Quiz,,3,2021-05-25,"50,000+",True,False
pp.pharma,Pharmacology Exam for Nursing,,5,2025-08-15,"10,000+",True,False
com.most123.premedical,Pre Medical Exam,,1,2021-04-11,100+,True,False
com.medpresso.Lonestar.medsurg,MedSurg Notes: Nurse Pkt Guide,,5,2025-03-19,"10,000+",True,False
com.medpresso.Lonestar.hlthassm,Nurses' HBK Health Assessment,,10,2025-02-23,"5,000+",True,False
com.mmalyil.residencytracker,Residency Tracker,,3,2025-07-28,50+,True,False
com.sight35.emree,Medical Residency Exam Test,,0,,10+,True,False
com.axa.healthhub,Medical Claims Hub,,3,2023-02-14,"5,000+",True,False
com.passeportsante.eyone,Passeport Medical,,1,2024-06-25,500+,True,False
com.medicalrefill.medrefapp,Medical Refill,,4,2023-01-19,"5,000+",True,False
com.mlyldic.medical.disease.dictionary,Diseases Dictionary Medical,,0,,"1,000+",True,False
com.simcentre.android.clinicalskills,Clinical Skills,,2,2020-05-17,"5,000+",True,False
com.exactsports.mentalskills,Mental Skills,,4,2024-06-18,"1,000+",True,False
com.shahenshah.ClinicalNursingSkills,Clinical Nursing Skills,,2,2024-02-19,"5,000+",True,False
com.clinicalhistory,Clinical History,,18,2025-07-14,"5,000+",True,False
learn.clinical.psychology,Learn Clinical Psychology,,1,2024-08-23,"1,000+",True,False
com.limmercreative.srtengine.medtermreview,Medical Terminology Review,,0,,500+,False,False
com.mediscience.medical.terminology.dictionary,Medical Terminology,,4,2025-08-26,"1,000+",True,False
com.educacentre.medilexico,Medi-Lexico - Medical lexicon,,0,,"1,000+",True,False
com.alphazstudio.learnpharmacologypro,Learn Pharmacology Pro,,1,2024-02-16,100+,False,False
software.ninetofive.trc,TRC Pharmacology,,2,2024-06-02,"1,000+",True,False
com.visualpharmacology,Visual Pharmacology,,5,2025-08-14,"1,000+",True,False
com.medpresso.Lonestar.cancerpharmmnl,Cancer Pharmacology Manual,,0,,"5,000+",True,False
com.elsevier.hm.cs.cpmobile,Clinical Pharmacology by CK,,0,,"1,000+",True,False
com.bloomcodestudio.learnpharmacology,Drug Guide: Pharmacology&Pills,,4,2025-08-10,"1,000+",True,False
com.saleh.pharmanursing,Nursing Pharmacology Tips,,11,2025-07-26,"10,000+",True,False
com.ADAT.Advanced.Dental.Pharmacology2,ADAT Pharmacology Cram Cards,,0,,0+,False,False
com.limmercreative.srtengine.paramedic.pharmacology,Paramedic Pharmacology Review,,1,2020-11-18,100+,False,False
pharmacologie.therapeutiques,Pharmacology Therapeutics,,2,2024-10-06,"100,000+",True,False
com.dvs.srini_pharma_v1,Srinu's Pharmacology,,7,2025-07-15,50+,True,False
net.tecseo.drugssummary,drugs summary,,2,2025-02-18,"10,000+",True,False
com.corecodestudio.learnpharmacology,Learn Pharmacology : FAQ's,,3,2024-02-24,"1,000+",True,False
com.clinicalpathology.inc,Clinical Pathology,,3,2024-04-15,"10,000+",True,False
com.onlinepatho,Pathology Lab Patient APP,,3,2023-07-25,"1,000+",True,False
com.medpresso.Lonestar.scalcplus,Clinical Calculator PLUS,,9,2025-08-17,"10,000+",True,False
com.clinicompute.app,Medical Calculator,,3,2025-04-05,500+,True,False
com.vikasbhardwaj.medcal,Medical Calculator,,0,,10+,True,False
com.dosage_tool,Medical Dosage Calculator,,0,,100+,True,False
com.unbound.android.pg6el,Guide to Diagnostic Tests,,5,2024-06-27,"10,000+",True,False
com.medpresso.Lonestar.mnldx,Manual of Nursing Diagnosis,,8,2025-01-25,"10,000+",True,False
app.doctorwise.www.twa,Doctor Wise,,0,,"10,000+",True,False
com.acpclinicalcases,AIM Clinical Cases,,2,2023-12-12,"1,000+",True,False
com.ro.doctor31,Doctor31 - Symptom Checker,,16,2025-04-01,"10,000+",True,False
com.foundfakes.ai_doctor,Symptom checker,,0,,1+,True,False
com.lrsltd.humandiseasecheckerwithai,Human Disease Checker with AI,,11,2025-07-31,"10,000+",True,False
com.healthguidecf.healthguide,Health Guide,,4,2025-06-16,50+,True,False
com.aswdc_healthguide,Health Guide,,34,2025-01-29,"10,000+",True,False
lv.pill.counter,Pill & medication reminder app,,2,2025-09-02,"10,000+",True,False
com.goodok.pillplan,Medication and pill reminder,,1,2025-05-06,"1,000+",True,False
com.bsitapps.health_tracker,Health Tracker,,0,,0+,True,False
co.lenord.frvbb,Optimum Wellness Academy,other,100,2025-08-17,"1,000+",True,True
tv.uscreen.wellnessondemand,Wellness On Demand,,0,,"1,000+",True,False
com.uscreen.wellnessondemand,Wellness On Demand,,0,,100+,True,False
com.technogym.wellnessstudio,Wellness Studio,,0,,"10,000+",True,False
com.pawman.fitclub,WellnessHQ: Expert Wellness,,19,2024-02-04,"1,000+",True,False
ai.yaqeentech.wellness,Wellness.ai,,0,,100+,True,False
com.cadence.wellness,Wellness@Cadence,,0,,100+,True,False
com.arketa.studio8atlanticbeach,STUDIO 8 Wellness Center,,0,,10+,True,False
com.PR.CKD,CKD (Chronic Kidney Disease),,0,,10+,False,False
com.viviscape.usdiabetes.patient,US Diabetes Care Education,,1,2025-05-12,100+,True,False
diabetes.tracker.food.diabetic,Diabetes Tracker: Blood Sugar,,0,,"10,000+",True,False
com.heartitout,Heart It Out: Mental Wellbeing,,7,2025-05-30,100+,True,False
com.medpresso.Lonestar.currcardio,CURRENT Dx Tx Cardiology,,4,2023-05-13,"5,000+",True,False
com.mindsync.app,MindSync - Therapy Tracker,,0,,500+,True,False
co.app.id_6OHp6nMYgy,Ultimate Nutrition,,0,,100+,True,False
app.nutritionai.twa,Nutrition AI,,3,2025-08-16,"1,000+",True,False
com.riseuplabs.nutritionmis,Adolescent Nutrition Reporting,,9,2025-06-08,"10,000+",True,False
co.quis.nutria,Nutria: AI Nutrition Tracker,,0,,100+,True,False
com.zoconut.nutritiondefined,Nutrition Defined,,0,,100+,True,False
com.bioptimizers.mediet,Ultimate Nutrition App,,6,2025-04-11,100+,True,False
com.medpresso.Lonestar.pednutri,Pediatric Nutrition,,2,2024-03-12,"10,000+",True,False
easytvet.co.dipinnutritionandd_knec,DIP IN NUTRITION AND D. - KNEC,,0,,"1,000+",True,False
com.bloomcodestudio.nursenutrition,Nurse Nutrition & Diet Tips,,0,,10+,True,False
com.medpresso.Lonestar.dorlands,Dorland Pkt Medical Dictionary,,0,,50+,True,False
com.medpresso.Lonestar.stedman,Stedman's Medical Dictionary,,9,2025-07-14,"5,000+",True,False
com.ttdictionary.russianenglishmedical,Medical dictionary (Rus-Eng),,4,2023-01-21,"10,000+",True,False
com.ttdictionary.russiangermanmedical,Medical dictionary (Rus.-Ger.),,2,2024-12-24,"5,000+",True,False
com.medpresso.Lonestar.hpnd,Stedman's Medical Dictionary N,,2,2020-07-08,"1,000+",True,False
com.atmoapps.tabers,Medical Dictionary 25th Ed.,,1,2024-04-20,"1,000+",True,False
com.drlogy.medicaldictionary,Medical Dictionary - Drlogy,,31,2025-01-17,"10,000+",True,False
com.medicaldictionary.diseasestreatmentpro,Medical Dictionary Disease Pro,,1,2025-06-15,5+,False,False
com.drkenanbehbudov.cardiostart,Cardiology Practice: EKG Quiz,,0,,"5,000+",True,False
com.medpresso.Lonestar.lndmcrd,25 Landmark Trials Cardiology,,0,,100+,True,False
org.cardiotrials,CardioTrials - Cardiology,,2,2025-03-20,"10,000+",True,False
com.medpresso.Lonestar.cardiodxtx,Diagnosis Treatment Cardiology,,0,,500+,True,False
com.medpresso.Lonestar.pccardiol,Swanton's Cardiology Guide,,3,2024-12-02,"5,000+",True,False
com.XRAnatomy.HeartAnatomy3d,3D Heart Anatomy,,4,2025-06-29,"1,000+",True,False
com.medpresso.Lonestar.crdconsult,Current Consult Cardiology,,0,,100+,True,False
com.growsociety.medeclasses,MedEClasses Endocrinology,,23,2025-05-20,"5,000+",True,False
endocrinologie.pro,endocrinology,,1,2020-08-04,"10,000+",True,False
com.unbound.android.oxfordpaediatrics,Oxford Handbook of Pediatrics,,1,2024-05-05,"5,000+",True,False
com.medpresso.Lonestar.currdxtxpeds,CURRENT Dx Tx Pediatrics,,2,2021-03-24,"5,000+",True,False
com.pediatrics.darawshe,Pediatrics Darawshe,,0,,100+,True,False
com.medpresso.Lonestar.pedsoncall,Pediatrics On Call,,1,2023-10-22,"1,000+",True,False
com.unbound.android.ubpci,Pediatrics Central,,3,2024-07-17,"1,000+",True,False
pedcall.journal,Pediatric Oncall Journal,,23,2024-03-29,"5,000+",True,False
com.pediatricwellnesszone,Pediatric Wellness Zone,,0,,1+,True,False
com.ubqo.paedscalc,Paediatric Emergency Tools,,5,2024-09-26,"5,000+",True,False
com.trimedtechnologies.TriadPed,Triad Pediatrics,,1,2023-11-28,500+,True,False
branded.m97aba84441604200b0fec3086fd04b21.suturingsurgery,Suturing and Surgery,,1,2025-05-09,100+,True,False
uk.co.mysurgeryapp.app,Surgery App,HSC,100,2025-08-20,"100,000+",True,True
au.com.weguide.eras,Virtual Surgery School,,0,,50+,True,False
com.handsurgeryresource,Hand Surgery Source,,10,2024-05-23,"50,000+",True,False
com.mediscience.surgical.medical.instruments,Surgical & Medical Instruments,,16,2025-08-18,"10,000+",True,False
com.surgery.edu,Surgery Edu,,0,,"1,000+",True,False
com.rermedapps.surgicalprinciples,Surgery Principles | MRCS A,,1,2025-03-31,"5,000+",True,False
com.hrghazali.generalsurgerybooksoffline,General Surgery Books offline,,19,2025-08-31,"10,000+",True,False
com.arcade.surgery.sewer,Surgery Sewer 3D,,0,,"5,000+",True,False
com.alpesh.surgeryguide,Surgery Guide,,3,2020-07-16,"1,000+",True,False
com.ad8f00705fab.app,Pass the General Surgery Board,,0,,50+,True,False
com.meplis.ngage.mvs,My Virtual Surgery,,0,,500+,True,False
ca.uhn.pmcpwebteam.mysurgery,My Surgery @ UHN,,0,,500+,True,False
com.getech.DoctorSimulatorSurgery2.Zero,Doctor simulator surgery 2.0,,4,2025-04-19,"1,000+",True,False
com.nikhilpanse.learners,Plastic Surgery Education,,0,,500+,True,False
com.medpresso.Lonestar.rnps,Psychosocial Nursing,,0,,5+,True,False
com.medpresso.Lonestar.psychnur,Psychiatric Nursing,,6,2025-03-09,"10,000+",True,False
pp.hesi,Nursing Entrance Exam Prep,,6,2025-08-29,"10,000+",True,False
com.unbound.android.oxfordemergmed,Oxford Emergency Medicine,,2,2024-05-18,"5,000+",True,False
com.medpresso.Lonestar.emoncall,Emergency Medicine On Call,,0,,"1,000+",True,False
com.app_emermedicummcapp.layout,Emergency Medicine at UMMC,,0,,100+,True,False
au.emate.app,EMate - Emergency Medicine,,0,,100+,True,False
com.ReviseRadiology.RRMobileGame,Revise Radiology,,10,2025-08-28,"10,000+",True,False
com.medpresso.Lonestar.radrev,Radiology Review Manual,,6,2024-05-04,"10,000+",True,False
com.zedtechnologies.visionradiology.patient.droid,Vision Radiology,,18,2025-08-24,"10,000+",True,False
com.xrayanalizer,Doctor AI Radiology - MedScan,,9,2025-09-01,"1,000+",True,False
com.zedtechnologies.radiant.patient.droid,Radiant Radiology Patient,,1,2024-07-31,"10,000+",True,False
com.berlinflame.berlincaseviewer,BerlinCaseViewer: Radiology,,5,2024-05-02,"10,000+",True,False
com.zedtechnologies.ihr.patient.droid,In-House Radiology,,0,,500+,True,False
com.zedtechnologies.pulse.patient.droid,Pulse Radiology,,0,,100+,True,False
com.zedtechnologies.radiologygroup.patient.droid,Radiology Group Patient,,26,2025-02-23,"10,000+",True,False
com.zedtechnologies.radtas.patient.droid,Radiology Tasmania Patient,,4,2025-07-02,"5,000+",True,False
com.zedtechnologies.sonic.radiologyvictoria.patient.droid,Radiology Victoria Patient,,0,,500+,True,False
com.zedtechnologies.pulsemedicalimaging.patient.droid,Focus Radiology,,1,2022-08-16,"5,000+",True,False
com.zedtechnologies.radiologygroup.doctor.droid,Radiology Group Doctor,,0,,500+,True,False
com.us.jk.book.brainct,Normal Radiology: CT Brain,,0,,"1,000+",True,False
com.zedtechnologies.rhsrk.patient.droid,Specialist Radiology Patient,,1,2025-06-08,"1,000+",True,False
com.plementus.mrc,Misr Radiology Center (MRC),,1,2025-03-14,100+,True,False
mdtoolkit.radiologycorephysics,Radiology Core: Physics,,3,2023-04-08,"5,000+",True,False
com.anmka.iv_radiology,IV Radiology,,1,2025-03-21,100+,True,False
com.radiogyan.twa,RadioGyan Radiology Made Easy,,0,,"5,000+",True,False
com.mskradiology,MSK RADIOLOGY 4 U,,83,2024-11-11,"10,000+",True,False
com.ValuxAppointment,Telemedicine Healthcare Doctor,,0,,"10,000+",True,False
com.paololabweb.medicalequipmentinfo,Medical Equipment Info,,1,2024-05-18,"5,000+",True,False
com.paololabweb.quizquestionsandanswer,Medical Device Quiz,,0,,100+,True,False
com.hoahao.medic.devices,Medical Devices - Medic HH,,0,,10+,True,False
com.mediqconnecthealthcare,Mediq Healthcare,,17,2025-08-23,"1,000+",True,False
mmmhmc.ihomp.patientPortal,My Health Patient Portal,,11,2025-08-13,"10,000+",True,False
com.cmh.healthmate,CMH Health Assist,,0,,"1,000+",True,False
vn.careforvietnam.mycarefor,My Care For,,0,,100+,True,False
com.amchealth.byod,MyCare Virtual by AMC Health,,0,,500+,True,False
com.nexa.wahealth.managemycare,Manage My Care,HSC,100,2025-09-02,"50,000+",True,True
com.codexiatech.cws.sp,My Care 24,,0,,"1,000+",True,False
com.pulsellc.micarehealth,MiCare Health,,1,2024-06-22,"1,000+",True,False
com.mycare.patient_app,Mycare Patient,,0,,10+,True,False
com.innocirc.vcpatient,MyHealthcare Patient Ecosystem,HSC,100,2025-07-02,"50,000+",True,True
com.mysaharacare.mobile,My Sahara Care,,0,,5+,True,False
com.myscpcare.app,mySCP Care,,0,,500+,True,False
com.vitalcare.hub,My Vital Care Hub,,1,2023-12-24,10+,True,False
com.philips.rpm.virtualcare,Philips My Virtual Care,,0,,10+,True,False
com.doctors.doctorsapp,"Doctor EMR/EHR, OPD & IPD,HMIS",,37,2025-08-03,"5,000+",True,False
com.pointofit.mhospital.provider,EHR Central - Join as Doctor,,2,2021-11-30,100+,True,False
com.yardi.senior.ehriq,Yardi EHR Care,,0,,10+,True,False
com.qeasys.qeasyapp,"QeaSys Clinical: EHR/EMR,Rx",,3,2021-09-21,500+,True,False
yardi.Droid.EHRMobile,EHR Care Stream,,2,2022-09-16,500+,True,False
com.yuedongsports.google.e_health,e-Health,,6,2024-11-27,"10,000+",True,False
com.siemenshealthineers.patientportalapp,eHealth Patient Portal,,0,,100+,True,False
com.trainerize.epichealthandfitness,Epic Health and Fitness,,1,2025-08-11,"1,000+",True,False
com.almaehealth.patient,Alma e-Health,,6,2025-08-10,"1,000+",True,False
com.app.myehealth,My-E-Health App,,0,,10+,True,False
videoconference.geainternacional.com.telemedicina,e-doctor,,1,2020-03-17,"10,000+",True,False
za.co.sovtech.healthsimplified,Health-e Simplified,HSC,55,2025-09-01,"5,000+",True,True
com.pethyoeung.e_health_platform2,Pethyoeung e-Health ID,,19,2025-06-16,"10,000+",True,False
com.appiercom.hsepassport,Health Passport (HSE),,2,2025-03-01,"5,000+",True,False
com.useehealth,e-Health,,0,,50+,True,False
app.healthzone.com,Health Zone-e,,0,,"1,000+",True,False
de.universakv.fdv,uniVersa E-Health App,,0,,100+,True,False
com.wellnessplus.programs,WellNess+,,0,,"10,000+",True,False
com.hazonholdings.android.wellnesspatientapp,Wellness Plus,HSC,62,2025-07-07,"1,000+",True,True
com.kj2147644489.app,Weight Wellness,,0,,100+,True,False
com.shawellnessclinic.app,SHA Wellness Clinic,,9,2025-08-10,"10,000+",True,False
com.wellnesstogo.WellnessToGo,Wellness To Go －ヨガ、瞑想、ライフスタイル,,4,2022-01-12,"1,000+",True,False
com.al.gymmanager,Wellness+,,2,2025-08-16,"1,000+",True,False
com.zHealth.wellness,zHealth Wellness,,0,,100+,True,False
com.ziva,Ziva: Personalized Wellness,,0,,100+,True,False
com.ifen.symptom_tracker,IFEN Symptom Tracker,,3,2024-07-03,100+,True,False
sugar.tracker.app,Glucoly: Blood Sugar Log,,1,2025-06-13,100+,True,False
com.fau.glucose_tracker,Glucose Blood Sugar Tracker,,0,,"1,000+",True,False
com.ae.unidoc,UniDoc - Doctor Appointment,,44,2025-05-22,"5,000+",True,False
com.hcrcm.emergencycare,Emergency Health Care,,0,,10+,True,False
com.eighthfloor.emergencycrew5.f2p,Emergency Crew Chapter 5,,2,2025-06-01,500+,True,False
com.hcrcm.emergencycare.partner,Emergency Health Care Partner,,0,,10+,True,False
com.lifeAssure.emergency,Emergency Medical Alert,,0,,0+,True,False
com.ajfly1.emergencyHealthFix,Emergency Health Fix,,0,,10+,True,False
com.emergencyMedical.emergencyMedical,Emergency Medical Alert,,0,,100+,True,False
com.nextcodelab.cash_references,References Tracker,,1,2024-12-11,10+,True,False
com.caryrx.clair,Clair - AI Clinical Reference,,0,,100+,True,False
com.luminousapps.medicalreferenceguides,Medical Reference Guides Learn,,0,,50+,True,False
com.medpresso.Lonestar.quickrefcc,Quick Reference Critical Care,,2,2024-02-04,"1,000+",True,False
com.pixilsolutions.analyzeai,Medical Report Analyser,,8,2025-08-01,"10,000+",True,False
com.medpresso.Lonestar.labnotes,Lab Notes & Diagnostic Tests,,2,2024-12-04,"10,000+",True,False
com.atmoapps.flab,Davis Lab and Diagnostic Tests,,2,2024-07-09,100+,True,False
com.servilab,Servilabs- Mobile Medical Lab,,0,,5+,True,False
com.medpresso.Lonestar.rnlabs,Manual Lab Diagnostic Tests,,1,2017-09-06,"1,000+",True,False
com.glamorousgoat.getserious,Serious Fitness Lab,,2,2024-06-19,"1,000+",True,False
com.labtest1.shop,Labtest1.com: Diagnostic app,,2,2025-07-26,100+,True,False
com.labcare.ivf,Lab Care,,4,2022-03-27,500+,True,False
com.medpresso.Lonestar.drugguidecan,Davis’s Canadian Drug Guide,,9,2022-12-24,"5,000+",True,False
com.medpresso.Lonestar.drdrugcan,Canadian Drug Guide Physicians,,1,2021-02-02,"1,000+",True,False
com.medpresso.Lonestar.familyrx,ASHP Patient Drug Info,,0,,"1,000+",True,False
com.drsulaimanapps.jodrugguide,Jo Drug Guide,,2,2025-05-07,"1,000+",True,False
ph.mart.timetap,Patient Management,,2,2025-01-14,10+,True,False
com.cherry_software.medical,Folda Patient Management App,,4,2025-08-02,"1,000+",True,False
com.mymed,MyMed: Personal health Records,,3,2024-02-01,"5,000+",True,False
com.healthdiary.medicalrecords,HealthDiary: Medical History,,7,2025-06-30,"1,000+",True,False
com.hospitalmanagementsoftware,Hospital Management Software,,2,2025-04-23,"1,000+",True,False
com.mymediceye,My Medic Eye: Medical Records ,,5,2025-09-01,"1,000+",True,False
com.spatom.care,"Medical Records, First Aid Kit",,1,2025-04-14,"1,000+",True,False
com.semakode.mediskita,Mediskita - Medical Records,,4,2025-05-11,"10,000+",True,False
com.prescriptionday,Prescription Day,,0,,100+,True,False
com.prescriptiondoctormobile,Prescription Doctor,,0,,"1,000+",True,False
in.abona.rx,Abona Rx Prescription Maker,,3,2025-03-11,"1,000+",True,False
digifit.android.virtuagym.pro.exerciseprescription,Exercise Prescription,,0,,100+,True,False
com.whatdx.prescripto,e-prescription app for doctors,,8,2021-12-26,"1,000+",True,False
com.eprescriptions,E-prescription,,0,,100+,True,False
com.aswdc_hospitalfinder,Hospital Finder,,16,2022-10-20,"1,000+",True,False
com.vipon.hospitalnearme1,Hospital Near Me,,15,2025-03-02,100+,True,False
ats.jo.jordanhospital.app,Jordan Hospital,,1,2024-05-12,"1,000+",True,False
com.n_prep.medieducation,NPrep Nursing Classes,HSP,100,2025-08-30,"10,000+",True,True
com.doctorOnCall,Doctor On Call - Prescriptions,,29,2025-08-26,"1,000+",True,False
com.mySmartCareDoc.healthAssistant,Health Assistant,,0,,100+,True,False
health.pauser.android,"Monitor Heart, Stress & Breath",,0,,"10,000+",True,False
com.hiberniahomecare.hibernia,Hibernia Home Care,,0,,100+,True,False
com.markshhc.app,Marks Home Care,,0,,50+,True,False
com.neevlabs.healthworkerapp,Home Care,,0,,100+,True,False
com.alphazstudio.learncardiology,Learn Cardiology (Offline),,11,2024-07-20,"5,000+",True,False
com.quantumsit.strong_cardiology,Strong Cardiology,,2,2025-01-03,100+,True,False
com.alphazstudio.learncardiologypro,Learn Cardiology Pro,,0,,10+,False,False
com.medicalsoftware.heartlogic,AI in Clinical Cardiology,,2,2023-07-07,500+,True,False
co.jarvis.cfe,Cardiology for EXAMS,,57,2023-10-23,"5,000+",True,False
cardiologie.pro,Cardiology,,3,2023-03-16,"10,000+",True,False
com.medpresso.TestZapp.oncorev,Oncology Nursing Review,,0,,100+,True,False
com.medpresso.Lonestar.wash_onco,Washington Manual of Oncology,,1,2022-01-15,"1,000+",True,False
com.medpresso.Lonestar.radques,Radiation Oncology: Review,,0,,500+,True,False
com.altaioncology.altaiwmobileapp,ALTAI Oncology,,6,2025-06-02,"1,000+",True,False
com.hltcorp.radiationoncology,Radiation Oncology Exam Review,,4,2020-12-15,"1,000+",True,False
com.geriatricsperu2.app_mobile,Geriatrics Perú,,0,,50+,True,False
com.bayer.ch.odagefactor,AgeFactor: Daily Habit Tracker,,0,,"1,000+",True,False
com.GeriCall.GeriCall,GeriCall@Emergency,,0,,500+,True,False
com.medpresso.Lonestar.wucgeri,Washington Manual - Geriatrics,,1,2021-12-05,500+,True,False
com.medpresso.Lonestar.abcderma,ABC of Dermatology,,5,2025-05-19,"5,000+",True,False
com.medpresso.Lonestar.dermnotes,Dermatology Clinical Pkt Guide,,0,,5+,True,False
de.logforlife.skinlog,SkinLog - Your Skin Care Diary,,1,2025-02-19,100+,True,False
com.mycompany.ebookultrasonography,ULTRASON DERMATOLOGY COSMIATRY,,0,,0+,False,False
com.metaoptima.skinapp,Skin App - Online Dermatology,,1,2022-02-10,"1,000+",True,False
com.AppsDesigners.DermatologyExamFree,Dermatology Exam,,6,2024-07-28,"1,000+",True,False
com.medpresso.Lonestar.pedderma,Pediatric Dermatology from AAP,,3,2024-04-11,"1,000+",True,False
org.geneuin.enlamiche,Lamiche Dermatology,,0,,10+,True,False
com.AppsDesigners.DermatologyExam,Dermatology Exam -Full Version,,4,2024-07-18,10+,False,False
com.unbound.android.oxfordobstetrics,Oxford Obstetrics & Gynecology,,2,2025-06-23,"10,000+",True,False
com.whenyourapprun.magnifyingglasses,Magnifier - Eye Care & Trainer,,2,2022-05-18,"5,000+",True,False
com.medpresso.Lonestar.currdxtxneuro,CURRENT Dx Tx Neurology,,1,2020-12-29,"5,000+",True,False
com.medpresso.Lonestar.fmneuro,5 Minute Neurology Consult,,5,2022-12-10,"1,000+",True,False
neurologie.pro,Neurology,,3,2025-03-21,"10,000+",True,False
com.medpresso.Lonestar.wusneuro,Washington Manual Neurology,,0,,"1,000+",True,False
tn.neurotunisia.app,Neurology Tunisia,,0,,100+,True,False
com.neurocare.neurooooo,NeuroCare - Migraine Care App,,2,2025-09-01,100+,True,False
com.medpresso.Lonestar.clinanesfull,Clinical Anesthesia Full Text,,7,2023-01-26,"10,000+",True,False
com.unbound.android.ubcal,MGH Clinical Anesthesia,,0,,"1,000+",True,False
com.medpresso.Lonestar.faustanesrev,Faust's Anesthesiology Review,,0,,100+,True,False
com.medpresso.Lonestar.anesmgmt,Yao & Artusio’s Anesthesiology,,1,2025-03-28,"1,000+",True,False
com.medpresso.Lonestar.mghanes,Clinical Anesthesia MGH HBK,,4,2020-12-15,"1,000+",True,False
com.monsuivipsy,Jardin Mental,,1,2022-10-14,"50,000+",True,False
com.mediscience.respiratory.lungs.diseasesandtreatment,Respiratory Diseases Treatment,,2,2025-06-28,500+,True,False
com.respiratory.calculators,Respiratory (Pulmonology) Calc,,1,2020-06-21,100+,False,False
jonno.top.nursetimer,Nurse's Respiratory Rate Timer,,0,,10+,False,False
com.jellevanhaaster.BTC,Basic Trauma Care (BTC),,0,,100+,True,False
com.tpa6dd0781b125.www,Premier Health Trauma Systems,,0,,100+,True,False
org.tbi.predict.release,Traumatic Brain Injury,,1,2023-06-02,100+,True,False
dk.mentalcare.app,Mental Care,,0,,100+,True,False
com.drramazanguler.okulertrauma,New Ocular Trauma Score,,0,,5+,True,False
io.edcanhelp,Sound Therapy | PTSD & Trauma,,13,2025-06-15,"1,000+",True,False
com.gfoundry.klorane,Learning to Care,,0,,"1,000+",True,False
com.ptwired.empowerpt,Empower Physical Therapy,,3,2025-06-14,100+,True,False
tk.m_pax.logicu,Intensive Care Logbook,,5,2022-03-11,100+,False,False
com.medpresso.Lonestar.conncurther,Conn's Current Therapy,,1,2024-08-06,500+,True,False
com.huma.care,Huma Care,,0,,100+,True,False
us.mediweb,Critical Care – Perfusion Calc,,3,2025-07-19,100+,False,False
tk.m_pax.logiculite,Intensive Care Logbook-lite,,3,2024-07-06,"10,000+",True,False
com.advancemedical.aigtravel,Virtual Medical Care,,0,,"5,000+",True,False
com.yb76247cdce0.app,AZ Infectious Disease Resource,,1,2024-06-06,"1,000+",True,False
com.SKYLEGames.TheInfectionGame,The Infection Game,,0,,500+,True,False
com.infection_cards,Infection: Virus Card Game,,1,2024-06-12,"5,000+",True,False
infectieux.pro,Infectious disease,,2,2025-05-28,"50,000+",True,False
com.p4ed21c60f38.www,ND Infection Prevention,,0,,100+,True,False
sodexo.ipp.app,Infection Prevention App,,0,,"1,000+",True,False
com.CoolTomato.InfectionInspection,Infection Inspection,,12,2022-05-30,100+,True,False
com.helpmum.vaccination_tracker,HelpMum Vaccination Tracker,,15,2025-04-30,"10,000+",True,False
com.globiz.vaccinationapp,Vaccination -- Reminder App,,27,2024-08-17,"50,000+",True,False
com.LinkBusinessSolutions.VaccineJo,Vaccine Jo,,0,,50+,True,False
com.gadvasu.vaccine,Vaccine,,20,2025-08-20,"1,000+",True,False
com.ashish.vaccinesetu,Vaccine Setu,,2,2021-06-08,"1,000+",True,False
fluvina.cocoo.childcare,Child Vaccine Parenting lulaby,,24,2023-02-08,"1,000+",True,False
com.vaccinego,VaccineGo - Vaccine Tracker,,5,2025-09-03,"1,000+",True,False
sim.salud.miVacuna,My Vaccine,,3,2024-02-26,"100,000+",True,False
com.iom.vaccineapp,IOM Vaccine,,0,,"5,000+",True,False
com.uttesh.vaccine_vs_virus,Vaccine Vs Virus,,2,2021-08-25,50+,True,False
com.universl.vaccinationapp,Vaccine Schedule App,,3,2025-03-26,"5,000+",True,False
com.healthlynked.hlcvt,HealthLynked Covid19 Tracker,,1,2025-07-03,"1,000+",True,False
com.medicalmcq4all,MEDICAL MCQ 4 ALL,,14,2024-03-12,"5,000+",True,False
com.qupi,Medical Question Bank - QUPI,,6,2023-07-26,"1,000+",True,False
com.marware.medicalmcq,Medical MCQ Emergency,,0,,5+,True,False
com.nerve.mcqindex,Medical MCQs with Explanations,,0,,10+,False,False
com.marware.medicalmcqpro,Medical MCQ Emergency Pro,,0,,5+,False,False
com.sherrah.zamala,Medsquiz (Medical MCQ),,1,2024-04-30,500+,True,False
com.quiz.nursing,Nursing Quiz :Nursing Exam App,HSP,67,2025-08-05,"50,000+",True,True
com.known.anatomy_and_physiology_mcqs,Anatomy and Physiology MCQs,,33,2025-07-01,"10,000+",True,False
com.afra.anatomyquizpro,Anatomy & Physiology Quiz App,,0,,1+,False,False
com.akivi.akivi,3D Human Body Anatomy,,6,2025-05-19,"10,000+",True,False
com.estudionemo.pharmacology,Pharmacology Test,,1,2019-01-15,500+,True,False
com.pharmacy.mcqs,Pharmacology MCQs Quiz 2025,,1,2025-01-31,"1,000+",True,False
com.topquiz.PharmacologyforNursing,Pharmacology Nursing NCLEX,,7,2024-04-21,"5,000+",True,False
hsappdeveloper.pharmacologymcqs,Pharmacology drugs,,4,2023-12-08,"10,000+",True,False
com.iitsysco.pharmacology_notes,Pharmacology,,18,2025-08-20,"10,000+",True,False
com.eshad.pharmacology,Pharmacology MCQ,,8,2024-07-19,"5,000+",True,False
com.pharmacology.mnemonicslite,Pharmacology Mnemonics Lite,,0,,"1,000+",True,False
pharmadrugstudy.surentechlab,Pharmacology & Drug Study App,,33,2025-08-17,"10,000+",True,False
com.shahenshah.pharmacology,NCLEX Pharmacology,,30,2024-06-30,"50,000+",True,False
com.sanaedutech.clinical,Clinical Science Quiz,,3,2022-11-21,"1,000+",True,False
com.nerve.medicinecases,Clinical Cases: Medicine,,6,2023-03-02,"5,000+",True,False
com.Guess.Lab,LabQuiz - Clinical Lab Quizzes,,2,2025-05-30,"1,000+",True,False
com.iitsysco.clinical_medicine,Clinical Medicine,,14,2025-05-19,"10,000+",True,False
com.cramcards.comlex.anatomy2,COMLEX Step 1 Anatomy,,0,,0+,False,False
com.cramcards.usmle.anatomy2,USMLE Step 1 Anatomy,,0,,5+,False,False
com.synappsehealth.askadoctor,Talk to a Doctor,,7,2023-09-22,"1,000+",True,False
com.guroo.glue,Habit Tracker & Goals - glue,,6,2025-08-10,500+,True,False
com.app.dehealth,DeHealth – AI health SuperApp,,5,2025-08-24,50+,True,False
com.faethdigitalhealth,Faeth Digital Health,,0,,100+,True,False
com.appex.myhealth,MyHealth-Digital Health Locker,HSC,100,2025-08-25,"1,000+",True,True
com.Chat.dok,"Chatdok: Medical Chatbot, More",,11,2025-08-15,"5,000+",True,False
com.whocodes.medgpt,MedGPT - Medical AI App,,0,,"50,000+",True,False
occupational.therapy.health.sciences,Occupational Therapy,,0,,100+,True,False
com.rs.penguindelta,Occupational Therapy Exams,,7,2025-05-09,"1,000+",True,False
com.eme.o7,O7 Therapy,HSC,59,2025-08-30,"100,000+",True,True
co.shopney.booktherapy,Book Therapy,,4,2024-09-29,"1,000+",True,False
com.yottacom.therapyfast,Therapy Fast,,0,,10+,True,False
com.marianatek.therapy,Therapy Fitness,,0,,100+,True,False
com.lakesidecoding.therapeze,Therapeze - Therapy Notes,,3,2025-07-02,"1,000+",True,False
com.littlelearninglab.Speakaroo_Therapy,Speakaroo : Speech Therapy,,7,2025-05-24,"1,000+",True,False
com.myloph.learningapp,Mylo - Speech Therapy Support,,39,2025-08-13,"50,000+",True,False
com.speechandlanguagegamesllc.score4,Score 4 Articulation: Speech,,0,,100+,True,False
com.gotcha4life.mentalfitnessgym,The Mental Fitness Gym,,6,2025-08-28,"1,000+",True,False
getmindfulify.com,Mindfulness App - Mindfulify,,0,,100+,True,False
com.omf.android,Oxford Mindfulness,,7,2025-06-13,"1,000+",True,False
com.mindfullness,Mindfulness UK,,3,2021-05-23,"5,000+",True,False
edu.buffalo.MindfulnessMeditationPH,Mindfulness Meditation - PH,,0,,10+,True,False
